"control_id","manual_remediation"
"1.1.1","To establish the recommended configuration via GP, set the following UI path to 24 or more password(s):

Computer Configuration\Policies\Windows Settings\Security Settings\Account Policies\Password Policy\Enforce password history"
"1.1.2","To establish the recommended configuration via GP, set the following UI path to 365 or fewer days, but not 0:

Computer Configuration\Policies\Windows Settings\Security Settings\Account Policies\Password Policy\Maximum password age"
"1.1.3","To establish the recommended configuration via GP, set the following UI path to 1 or more day(s):

Computer Configuration\Policies\Windows Settings\Security Settings\Account Policies\Password Policy\Minimum password age"
"1.1.4","To establish the recommended configuration via GP, set the following UI path to 14 or more character(s):

Computer Configuration\Policies\Windows Settings\Security Settings\Account Policies\Password Policy\Minimum password length"
"1.1.5","To establish the recommended configuration via GP, set the following UI path to Enabled:

Computer Configuration\Policies\Windows Settings\Security Settings\Account Policies\Password Policy\Password must meet complexity requirements"
"1.1.6","To establish the recommended configuration via GP, set the following UI path to Enabled:

Computer Configuration\Policies\Windows Settings\Security Settings\Account Policies\Password Policy\Relax minimum password length limits

Note: This setting is only available within the built-in OS security template of Windows 10 Release 2004 and Server 2022 (or newer), and is not available via older versions of the OS, or via downloadable Administrative Templates (ADMX/ADML). Therefore, you must use a Windows 10 Release 2004 or Server 2022 system (or newer) to view or edit this setting with the Group Policy Management Console (GPMC) or Group Policy Management Editor (GPME)."
"1.1.7","To establish the recommended configuration via GP, set the following UI path to Disabled:

Computer Configuration\Policies\Windows Settings\Security Settings\Account Policies\Password Policy\Store passwords using reversible encryption"
"1.2.1","To establish the recommended configuration via GP, set the following UI path to 15 or more minute(s):

Computer Configuration\Policies\Windows Settings\Security Settings\Account Policies\Account Lockout Policy\Account lockout duration"
"1.2.2","To establish the recommended configuration via GP, set the following UI path to 5 or fewer invalid login attempt(s), but not 0:

Computer Configuration\Policies\Windows Settings\Security Settings\Account Policies\Account Lockout Policy\Account lockout threshold"
"1.2.3","To establish the recommended configuration via GP, set the following UI path to Enabled:

Computer Configuration\Policies\Windows Settings\Security Settings\Account Policies\Account Lockout Policies\Allow Administrator account lockout"
"1.2.4","To establish the recommended configuration via GP, set the following UI path to 15 or more minute(s):

Computer Configuration\Policies\Windows Settings\Security Settings\Account Policies\Account Lockout Policy\Reset account lockout counter after"
"2.2.1","To establish the recommended configuration via GP, set the following UI path to No One:

Computer Configuration\Policies\Windows Settings\Security Settings\Local Policies\User Rights Assignment\Access Credential Manager as a trusted caller"
"2.2.2","To establish the recommended configuration via GP, configure the following UI path to Administrators, Authenticated Users, ENTERPRISE DOMAIN CONTROLLERS:

Computer Configuration\Policies\Windows Settings\Security Settings\Local Policies\User Rights Assignment\Access this computer from the network"
"2.2.3","To establish the recommended configuration via GP, configure the following UI path to Administrators, Authenticated Users:

Computer Configuration\Policies\Windows Settings\Security Settings\Local Policies\User Rights Assignment\Access this computer from the network"
"2.2.4","To establish the recommended configuration via GP, set the following UI path to No One:

Computer Configuration\Policies\Windows Settings\Security Settings\Local Policies\User Rights Assignment\Act as part of the operating system"
"2.2.5","To establish the recommended configuration via GP, set the following UI path to Administrators:

Computer Configuration\Policies\Windows Settings\Security Settings\Local Policies\User Rights Assignment\Add workstations to domain"
"2.2.6","To establish the recommended configuration via GP, set the following UI path to Administrators, LOCAL SERVICE, NETWORK SERVICE:

Computer Configuration\Policies\Windows Settings\Security Settings\Local Policies\User Rights Assignment\Adjust memory quotas for a process"
"2.2.7","To establish the recommended configuration via GP, configure the following UI path to Administrators, ENTERPRISE DOMAIN CONTROLLERS:

Computer Configuration\Policies\Windows Settings\Security Settings\Local Policies\User Rights Assignment\Allow log on locally"
"2.2.8","To establish the recommended configuration via GP, configure the following UI path to Administrators:

Computer Configuration\Policies\Windows Settings\Security Settings\Local Policies\User Rights Assignment\Allow log on locally"
"2.2.9","To establish the recommended configuration via GP, configure the following UI path to Administrators:

Computer Configuration\Policies\Windows Settings\Security Settings\Local Policies\User Rights Assignment\Allow log on through Remote Desktop Services"
"2.2.10","To establish the recommended configuration via GP, configure the following UI path to Administrators, Remote Desktop Users:

Computer Configuration\Policies\Windows Settings\Security Settings\Local Policies\User Rights Assignment\Allow log on through Remote Desktop Services"
"2.2.11","To establish the recommended configuration via GP, set the following UI path to Administrators.

Computer Configuration\Policies\Windows Settings\Security Settings\Local Policies\User Rights Assignment\Back up files and directories"
"2.2.12","To establish the recommended configuration via GP, set the following UI path to Administrators, LOCAL SERVICE:

Computer Configuration\Policies\Windows Settings\Security Settings\Local Policies\User Rights Assignment\Change the system time"
"2.2.13","To establish the recommended configuration via GP, set the following UI path to Administrators:

Computer Configuration\Policies\Windows Settings\Security Settings\Local Policies\User Rights Assignment\Create a pagefile"
"2.2.14","To establish the recommended configuration via GP, set the following UI path to No One:

Computer Configuration\Policies\Windows Settings\Security Settings\Local Policies\User Rights Assignment\Create a token object"
"2.2.15","To establish the recommended configuration via GP, set the following UI path to Administrators, LOCAL SERVICE, NETWORK SERVICE, SERVICE:

Computer Configuration\Policies\Windows Settings\Security Settings\Local Policies\User Rights Assignment\Create global objects"
"2.2.16","To establish the recommended configuration via GP, set the following UI path to No One:

Computer Configuration\Policies\Windows Settings\Security Settings\Local Policies\User Rights Assignment\Create permanent shared objects"
"2.2.17","To implement the recommended configuration state, configure the following UI path to Administrators:

Computer Configuration\Policies\Windows Settings\Security Settings\Local Policies\User Rights Assignment\Create symbolic links"
"2.2.18","To implement the recommended configuration state, configure the following UI path to Administrators and (when the Hyper-V Role is installed) NT VIRTUAL MACHINE\Virtual Machines:

Computer Configuration\Policies\Windows Settings\Security Settings\Local Policies\User Rights Assignment\Create symbolic links"
"2.2.19","To establish the recommended configuration via GP, set the following UI path to Administrators:

Computer Configuration\Policies\Windows Settings\Security Settings\Local Policies\User Rights Assignment\Debug programs"
"2.2.20","To establish the recommended configuration via GP, configure the following UI path to include Guests:

Computer Configuration\Policies\Windows Settings\Security Settings\Local Policies\User Rights Assignment\Deny access to this computer from the network"
"2.2.21","To establish the recommended configuration via GP, configure the following UI path to include Guests, Local account and member of Administrators group:

Computer Configuration\Policies\Windows Settings\Security Settings\Local Policies\User Rights Assignment\Deny access to this computer from the network"
"2.2.22","To establish the recommended configuration via GP, set the following UI path to include Guests:

Computer Configuration\Policies\Windows Settings\Security Settings\Local Policies\User Rights Assignment\Deny log on as a batch job"
"2.2.23","To establish the recommended configuration via GP, set the following UI path to include Guests:

Computer Configuration\Policies\Windows Settings\Security Settings\Local Policies\User Rights Assignment\Deny log on as a service"
"2.2.24","To establish the recommended configuration via GP, set the following UI path to include Guests:

Computer Configuration\Policies\Windows Settings\Security Settings\Local Policies\User Rights Assignment\Deny log on locally"
"2.2.25","To establish the recommended configuration via GP, configure the following UI path to include Guests:

Computer Configuration\Policies\Windows Settings\Security Settings\Local Policies\User Rights Assignment\Deny log on through Remote Desktop Services"
"2.2.26","To establish the recommended configuration via GP, configure the following UI path to Guests, Local account:

Computer Configuration\Policies\Windows Settings\Security Settings\Local Policies\User Rights Assignment\Deny log on through Remote Desktop Services"
"2.2.27","To establish the recommended configuration via GP, configure the following UI path to Administrators:

Computer Configuration\Policies\Windows Settings\Security Settings\Local Policies\User Rights Assignment\Enable computer and user accounts to be trusted for delegation"
"2.2.28","To establish the recommended configuration via GP, configure the following UI path to No One:

Computer Configuration\Policies\Windows Settings\Security Settings\Local Policies\User Rights Assignment\Enable computer and user accounts to be trusted for delegation"
"2.2.29","To establish the recommended configuration via GP, set the following UI path to Administrators:

Computer Configuration\Policies\Windows Settings\Security Settings\Local Policies\User Rights Assignment\Force shutdown from a remote system"
"2.2.30","To establish the recommended configuration via GP, set the following UI path to LOCAL SERVICE, NETWORK SERVICE, and RESTRICTED SERVICES\PrintSpoolerService:

Computer Configuration\Policies\Windows Settings\Security Settings\Local Policies\User Rights Assignment\Generate security audits"
"2.2.31","To establish the recommended configuration via GP, configure the following UI path to Administrators, LOCAL SERVICE, NETWORK SERVICE, SERVICE and RESTRICTED SERVICES\PrintSpoolerService:

Computer Configuration\Policies\Windows Settings\Security Settings\Local Policies\User Rights Assignment\Impersonate a client after authentication"
"2.2.32","To establish the recommended configuration via GP, configure the following UI path to Administrators, LOCAL SERVICE, NETWORK SERVICE, SERVICE, RESTRICTED SERVICES\PrintSpoolerService and (when the Web Server (IIS) Role with Web Services Role Service is installed) IIS_IUSRS:

Computer Configuration\Policies\Windows Settings\Security Settings\Local Policies\User Rights Assignment\Impersonate a client after authentication"
"2.2.33","To establish the recommended configuration via GP, set the following UI path to Administrators, Window Manager\Window Manager Group:

Computer Configuration\Policies\Windows Settings\Security Settings\Local Policies\User Rights Assignment\Increase scheduling priority"
"2.2.34","To establish the recommended configuration via GP, set the following UI path to Administrators:

Computer Configuration\Policies\Windows Settings\Security Settings\Local Policies\User Rights Assignment\Load and unload device drivers"
"2.2.35","To establish the recommended configuration via GP, set the following UI path to No One:

Computer Configuration\Policies\Windows Settings\Security Settings\Local Policies\User Rights Assignment\Lock pages in memory"
"2.2.36","To establish the recommended configuration via GP, set the following UI path to Administrators:

Computer Configuration\Windows Settings\Security Settings\Local Policies\User Rights Assignment\Log on as a batch job"
"2.2.37","To establish the recommended configuration via GP, configure the following UI path to Administrators:

Computer Configuration\Policies\Windows Settings\Security Settings\Local Policies\User Rights Assignment\Manage auditing and security log"
"2.2.38","To establish the recommended configuration via GP, configure the following UI path to Administrators:

Computer Configuration\Policies\Windows Settings\Security Settings\Local Policies\User Rights Assignment\Manage auditing and security log"
"2.2.39","To establish the recommended configuration via GP, set the following UI path to No One:

Computer Configuration\Policies\Windows Settings\Security Settings\Local Policies\User Rights Assignment\Modify an object label"
"2.2.40","To establish the recommended configuration via GP, set the following UI path to Administrators:

Computer Configuration\Policies\Windows Settings\Security Settings\Local Policies\User Rights Assignment\Modify firmware environment values"
"2.2.41","To establish the recommended configuration via GP, set the following UI path to Administrators:

Computer Configuration\Policies\Windows Settings\Security Settings\Local Policies\User Rights Assignment\Perform volume maintenance tasks"
"2.2.42","To establish the recommended configuration via GP, set the following UI path to Administrators:

Computer Configuration\Policies\Windows Settings\Security Settings\Local Policies\User Rights Assignment\Profile single process"
"2.2.43","To establish the recommended configuration via GP, set the following UI path to Administrators, NT SERVICE\WdiServiceHost:

Computer Configuration\Policies\Windows Settings\Security Settings\Local Policies\User Rights Assignment\Profile system performance"
"2.2.44","To establish the recommended configuration via GP, set the following UI path to LOCAL SERVICE, NETWORK SERVICE:

Computer Configuration\Policies\Windows Settings\Security Settings\Local Policies\User Rights Assignment\Replace a process level token"
"2.2.45","To establish the recommended configuration via GP, set the following UI path to Administrators:

Computer Configuration\Policies\Windows Settings\Security Settings\Local Policies\User Rights Assignment\Restore files and directories"
"2.2.46","To establish the recommended configuration via GP, set the following UI path to Administrators:

Computer Configuration\Policies\Windows Settings\Security Settings\Local Policies\User Rights Assignment\Shut down the system"
"2.2.47","To establish the recommended configuration via GP, set the following UI path to No One:

Computer Configuration\Policies\Windows Settings\Security Settings\Local Policies\User Rights Assignment\Synchronize directory service data"
"2.2.48","To establish the recommended configuration via GP, set the following UI path to Administrators:

Computer Configuration\Policies\Windows Settings\Security Settings\Local Policies\User Rights Assignment\Take ownership of files or other objects"
"2.3.1.1","To establish the recommended configuration via GP, set the following UI path to Disabled:

Computer Configuration\Policies\Windows Settings\Security Settings\Local Policies\Security Options\Accounts: Guest account status"
"2.3.1.2","To establish the recommended configuration via GP, set the following UI path to Enabled:

Computer Configuration\Policies\Windows Settings\Security Settings\Local Policies\Security Options\Accounts: Limit local account use of blank passwords to console logon only"
"2.3.1.3","To establish the recommended configuration via GP, configure the following UI path:

Computer Configuration\Policies\Windows Settings\Security Settings\Local Policies\Security Options\Accounts: Rename administrator account"
"2.3.1.4","To establish the recommended configuration via GP, configure the following UI path:

Computer Configuration\Policies\Windows Settings\Security Settings\Local Policies\Security Options\Accounts: Rename guest account"
"2.3.2.1","To establish the recommended configuration via GP, set the following UI path to Enabled:

Computer Configuration\Policies\Windows Settings\Security Settings\Local Policies\Security Options\Audit: Force audit policy subcategory settings (Windows Vista or later) to override audit policy category settings"
"2.3.2.2","To establish the recommended configuration via GP, set the following UI path to Disabled:

Computer Configuration\Policies\Windows Settings\Security Settings\Local Policies\Security Options\Audit: Shut down system immediately if unable to log security audits"
"2.3.4.1","To establish the recommended configuration via GP, set the following UI path to Enabled:

Computer Configuration\Policies\Windows Settings\Security Settings\Local Policies\Security Options\Devices: Prevent users from installing printer drivers"
"2.3.5.1","To establish the recommended configuration via GP, set the following UI path to Disabled:

Computer Configuration\Policies\Windows Settings\Security Settings\Local Policies\Security Options\Domain controller: Allow server operators to schedule tasks"
"2.3.5.2","To establish the recommended configuration via GP, set the following UI path to Not Configured:

Computer Configuration\Policies\Windows Settings\Security Settings\Local Policies\Security Options\Domain controller: Allow vulnerable Netlogon secure channel connections"
"2.3.5.3","To establish the recommended configuration via GP, set the following UI path to Always:

Computer Configuration\Policies\Windows Settings\Security Settings\Local Policies\Security Options\Domain controller: LDAP server channel binding token requirements

Note: This Group Policy path requires the installation of the March 2020 (or later) Windows security update. With that update, Microsoft added this setting to the built-in OS security template."
"2.3.5.4","To establish the recommended configuration via GP, set the following UI path to Enabled:

Computer Configuration\Policies\Windows Settings\Security Settings\Local Policies\Security Options\Domain controller: LDAP server signing requirements Enforcement"
"2.3.5.5","To establish the recommended configuration via GP, set the following UI path to Disabled:

Computer Configuration\Policies\Windows Settings\Security Settings\Local Policies\Security Options\Domain controller: Refuse machine account password changes"
"2.3.6.1","To establish the recommended configuration via GP, set the following UI path to Enabled:

Computer Configuration\Policies\Windows Settings\Security Settings\Local Policies\Security Options\Domain member: Digitally encrypt or sign secure channel data (always)"
"2.3.6.2","To establish the recommended configuration via GP, set the following UI path to Enabled:

Computer Configuration\Policies\Windows Settings\Security Settings\Local Policies\Security Options\Domain member: Digitally encrypt secure channel data (when possible)"
"2.3.6.3","To establish the recommended configuration via GP, set the following UI path to Enabled:

Computer Configuration\Policies\Windows Settings\Security Settings\Local Policies\Security Options\Domain member: Digitally sign secure channel data (when possible)"
"2.3.6.4","To establish the recommended configuration via GP, set the following UI path to Disabled:

Computer Configuration\Policies\Windows Settings\Security Settings\Local Policies\Security Options\Domain member: Disable machine account password changes"
"2.3.6.5","To establish the recommended configuration via GP, set the following UI path to 30 or fewer days, but not 0:

Computer Configuration\Policies\Windows Settings\Security Settings\Local Policies\Security Options\Domain member: Maximum machine account password age"
"2.3.6.6","To establish the recommended configuration via GP, set the following UI path to Enabled:

Computer Configuration\Policies\Windows Settings\Security Settings\Local Policies\Security Options\Domain member: Require strong (Windows 2000 or later) session key"
"2.3.7.1","To establish the recommended configuration via GP, set the following UI path to Disabled:

Computer Configuration\Policies\Windows Settings\Security Settings\Local Policies\Security Options\Interactive logon: Do not require CTRL+ALT+DEL"
"2.3.7.2","To establish the recommended configuration via GP, set the following UI path to Enabled:

Computer Configuration\Policies\Windows Settings\Security Settings\Local Policies\Security Options\Interactive logon: Don't display last signed-in

Note: In older versions of Microsoft Windows, this setting was named Interactive logon: Do not display last user name, but it was renamed starting with Windows Server 2019."
"2.3.7.3","To establish the recommended configuration via GP, set the following UI path to 900 or fewer seconds, but not 0:

Computer Configuration\Policies\Windows Settings\Security Settings\Local Policies\Security Options\Interactive logon: Machine inactivity limit"
"2.3.7.4","To establish the recommended configuration via GP, configure the following UI path to a value that is consistent with the security and operational requirements of your organization:

Computer Configuration\Policies\Windows Settings\Security Settings\Local Policies\Security Options\Interactive logon: Message text for users attempting to log on"
"2.3.7.5","To establish the recommended configuration via GP, configure the following UI path to a value that is consistent with the security and operational requirements of your organization:

Computer Configuration\Policies\Windows Settings\Security Settings\Local Policies\Security Options\Interactive logon: Message title for users attempting to log on"
"2.3.7.6","To establish the recommended configuration via GP, set the following UI path to 4 or fewer logon(s):

Computer Configuration\Policies\Windows Settings\Security Settings\Local Policies\Security Options\Interactive logon: Number of previous logons to cache (in case domain controller is not available)"
"2.3.7.7","To establish the recommended configuration via GP, set the following UI path to a value between 5 and 14 days:

Computer Configuration\Policies\Windows Settings\Security Settings\Local Policies\Security Options\Interactive logon: Prompt user to change password before expiration"
"2.3.7.8","To implement the recommended configuration via GP, set the following UI path to Enabled:

Computer Configuration\Policies\Windows Settings\Security Settings\Local Policies\Security Options\Interactive logon: Require Domain Controller Authentication to unlock workstation"
"2.3.7.9","To establish the recommended configuration via GP, set the following UI path to Lock Workstation, Force Logoff or Disconnect if a Remote Desktop Services session:

Computer Configuration\Policies\Windows Settings\Security Settings\Local Policies\Security Options\Interactive logon: Smart card removal behavior"
"2.3.8.1","To establish the recommended configuration via GP, set the following UI path to Enabled:

Computer Configuration\Policies\Windows Settings\Security Settings\Local Policies\Security Options\Microsoft network client: Digitally sign communications (always)"
"2.3.8.2","To establish the recommended configuration via GP, set the following UI path to Disabled:

Computer Configuration\Policies\Windows Settings\Security Settings\Local Policies\Security Options\Microsoft network client: Send unencrypted password to third-party SMB servers"
"2.3.9.1","To establish the recommended configuration via GP, set the following UI path to 15 or fewer minute(s):

Computer Configuration\Policies\Windows Settings\Security Settings\Local Policies\Security Options\Microsoft network server: Amount of idle time required before suspending session"
"2.3.9.2","To establish the recommended configuration via GP, set the following UI path to Enabled:

Computer Configuration\Policies\Windows Settings\Security Settings\Local Policies\Security Options\Microsoft network server: Digitally sign communications (always)"
"2.3.9.3","To establish the recommended configuration via GP, set the following UI path to Enabled:

Computer Configuration\Policies\Windows Settings\Security Settings\Local Policies\Security Options\Microsoft network server: Disconnect clients when logon hours expire"
"2.3.9.4","To establish the recommended configuration via GP, set the following UI path to Accept if provided by client or Required from client:

Computer Configuration\Policies\Windows Settings\Security Settings\Local Policies\Security Options\Microsoft network server: Server SPN target name validation level"
"2.3.10.1","To establish the recommended configuration via GP, set the following UI path to Disabled:

Computer Configuration\Policies\Windows Settings\Security Settings\Local Policies\Security Options\Network access: Allow anonymous SID/Name translation"
"2.3.10.2","To establish the recommended configuration via GP, set the following UI path to Enabled:

Computer Configuration\Policies\Windows Settings\Security Settings\Local Policies\Security Options\Network access: Do not allow anonymous enumeration of SAM accounts"
"2.3.10.3","To establish the recommended configuration via GP, set the following UI path to Enabled:

Computer Configuration\Policies\Windows Settings\Security Settings\Local Policies\Security Options\Network access: Do not allow anonymous enumeration of SAM accounts and shares"
"2.3.10.4","To establish the recommended configuration via GP, set the following UI path to Enabled:

Computer Configuration\Policies\Windows Settings\Security Settings\Local Policies\Security Options\Network access: Do not allow storage of passwords and credentials for network authentication"
"2.3.10.5","To establish the recommended configuration via GP, set the following UI path to Disabled:

Computer Configuration\Policies\Windows Settings\Security Settings\Local Policies\Security Options\Network access: Let Everyone permissions apply to anonymous users"
"2.3.10.6","To establish the recommended configuration via GP, configure the following UI path:

Computer Configuration\Policies\Windows Settings\Security Settings\Local Policies\Security Options\Network access: Named Pipes that can be accessed anonymously"
"2.3.10.7","To establish the recommended configuration via GP, configure the following UI path:

Computer Configuration\Policies\Windows Settings\Security Settings\Local Policies\Security Options\Network access: Named Pipes that can be accessed anonymously"
"2.3.10.8","To establish the recommended configuration via GP, set the following UI path to: System\CurrentControlSet\Control\ProductOptions System\CurrentControlSet\Control\Server Applications Software\Microsoft\Windows NT\CurrentVersion

Computer Configuration\Policies\Windows Settings\Security Settings\Local Policies\Security Options\Network access: Remotely accessible registry paths"
"2.3.10.9","To establish the recommended configuration via GP, set the following UI path to: System\CurrentControlSet\Control\Print\Printers System\CurrentControlSet\Services\Eventlog Software\Microsoft\OLAP Server Software\Microsoft\Windows NT\CurrentVersion\Print Software\Microsoft\Windows NT\CurrentVersion\Windows System\CurrentControlSet\Control\ContentIndex System\CurrentControlSet\Control\Terminal Server System\CurrentControlSet\Control\Terminal Server\UserConfig System\CurrentControlSet\Control\Terminal Server\DefaultUserConfiguration Software\Microsoft\Windows NT\CurrentVersion\Perflib System\CurrentControlSet\Services\SysmonLog

Computer Configuration\Policies\Windows Settings\Security Settings\Local Policies\Security Options\Network access: Remotely accessible registry paths and sub-paths

When a server holds the Active Directory Certificate Services Role with Certification Authority Role Service, the above list should also include: System\CurrentControlSet\Services\CertSvc.

When a server has the WINS Server Feature installed, the above list should also include:

System\CurrentControlSet\Services\WINS"
"2.3.10.10","To establish the recommended configuration via GP, set the following UI path to Enabled:

Computer Configuration\Policies\Windows Settings\Security Settings\Local Policies\Security Options\Network access: Restrict anonymous access to Named Pipes and Shares"
"2.3.10.11","To establish the recommended configuration via GP, set the following UI path to Administrators: Remote Access: Allow:

Computer Configuration\Policies\Windows Settings\Security Settings\Local Policies\Security Options\Network access: Restrict clients allowed to make remote calls to SAM"
"2.3.10.12","To establish the recommended configuration via GP, set the following UI path to <blank> (i.e. None):

Computer Configuration\Policies\Windows Settings\Security Settings\Local Policies\Security Options\Network access: Shares that can be accessed anonymously"
"2.3.10.13","To establish the recommended configuration via GP, set the following UI path to Classic - local users authenticate as themselves:

Computer Configuration\Policies\Windows Settings\Security Settings\Local Policies\Security Options\Network access: Sharing and security model for local accounts"
"2.3.11.1","To establish the recommended configuration via GP, set the following UI path to Enabled:

Computer Configuration\Policies\Windows Settings\Security Settings\Local Policies\Security Options\Network security: Allow Local System to use computer identity for NTLM"
"2.3.11.2","To establish the recommended configuration via GP, set the following UI path to Disabled:

Computer Configuration\Policies\Windows Settings\Security Settings\Local Policies\Security Options\Network security: Allow LocalSystem NULL session fallback"
"2.3.11.3","To establish the recommended configuration via GP, set the following UI path to Disabled:

Computer Configuration\Policies\Windows Settings\Security Settings\Local Policies\Security Options\Network Security: Allow PKU2U authentication requests to this computer to use online identities"
"2.3.11.4","To establish the recommended configuration via GP, set the following UI path to AES128_HMAC_SHA1, AES256_HMAC_SHA1, Future encryption types:

Computer Configuration\Policies\Windows Settings\Security Settings\Local Policies\Security Options\Network security: Configure encryption types allowed for Kerberos"
"2.3.11.5","To establish the recommended configuration via GP, set the following UI path to Enabled.

Computer Configuration\Policies\Windows Settings\Security Settings\Local Policies\Security Options\Network security: Force logoff when logon hours expire"
"2.3.11.6","To establish the recommended configuration via GP, set the following UI path to: Send NTLMv2 response only. Refuse LM & NTLM:

Computer Configuration\Policies\Windows Settings\Security Settings\Local Policies\Security Options\Network security: LAN Manager authentication level"
"2.3.11.7","To establish the recommended configuration via GP, set the following UI path to Negotiate sealing or Require sealing:

Computer Configuration\Policies\Windows Settings\Security Settings\Local Policies\Security Options\Network security: LDAP client encryption requirements"
"2.3.11.8","To establish the recommended configuration via GP, set the following UI path to Negotiate signing or Require signing:

Computer Configuration\Policies\Windows Settings\Security Settings\Local Policies\Security Options\Network security: LDAP client signing requirements"
"2.3.11.9","To establish the recommended configuration via GP, set the following UI path to Require NTLMv2 session security, Require 128-bit encryption:

Computer Configuration\Policies\Windows Settings\Security Settings\Local Policies\Security Options\Network security: Minimum session security for NTLM SSP based (including secure RPC) clients"
"2.3.11.10","To establish the recommended configuration via GP, set the following UI path to Require NTLMv2 session security, Require 128-bit encryption:

Computer Configuration\Policies\Windows Settings\Security Settings\Local Policies\Security Options\Network security: Minimum session security for NTLM SSP based (including secure RPC) servers"
"2.3.11.11","To establish the recommended configuration via GP, set the following UI path to Enable auditing for all accounts:

Computer Configuration\Policies\Windows Settings\Security Settings\Local Policies\Security Options\Network security: Restrict NTLM: Audit Incoming NTLM Traffic"
"2.3.11.12","To establish the recommended configuration via GP, set the following UI path to Enable all:

Computer Configuration\Policies\Windows Settings\Security Settings\Local Policies\Security Options\Network security: Restrict NTLM: Audit NTLM authentication in this domain"
"2.3.11.13","To establish the recommended configuration via GP, set the following UI path to Audit all or Deny All:

Computer Configuration\Policies\Windows Settings\Security Settings\Local Policies\Security Options\Network security: Restrict NTLM: Outgoing NTLM traffic to remote servers"
"2.3.13.1","To establish the recommended configuration via GP, set the following UI path to Disabled:

Computer Configuration\Policies\Windows Settings\Security Settings\Local Policies\Security Options\Shutdown: Allow system to be shut down without having to log on"
"2.3.15.1","To establish the recommended configuration via GP, set the following UI path to Enabled:

Computer Configuration\Policies\Windows Settings\Security Settings\Local Policies\Security Options\System objects: Require case insensitivity for non- Windows subsystems"
"2.3.15.2","To establish the recommended configuration via GP, set the following UI path to Enabled:

Computer Configuration\Policies\Windows Settings\Security Settings\Local Policies\Security Options\System objects: Strengthen default permissions of internal system objects (e.g. Symbolic Links)"
"2.3.17.1","To establish the recommended configuration via GP, set the following UI path to Enabled:

Computer Configuration\Policies\Windows Settings\Security Settings\Local Policies\Security Options\User Account Control: Admin Approval Mode for the Built-in Administrator account"
"2.3.17.2","To establish the recommended configuration via GP, set the following UI path to Prompt for consent on the secure desktop or Prompt for credentials on the secure desktop:

Computer Configuration\Policies\Windows Settings\Security Settings\Local Policies\Security Options\User Account Control: Behavior of the elevation prompt for administrators in Admin Approval Mode"
"2.3.17.3","To establish the recommended configuration via GP, set the following UI path to Automatically deny elevation requests:

Computer Configuration\Policies\Windows Settings\Security Settings\Local Policies\Security Options\User Account Control: Behavior of the elevation prompt for standard users"
"2.3.17.4","To establish the recommended configuration via GP, set the following UI path to Enabled:

Computer Configuration\Policies\Windows Settings\Security Settings\Local Policies\Security Options\User Account Control: Detect application installations and prompt for elevation"
"2.3.17.5","To establish the recommended configuration via GP, set the following UI path to Enabled:

Computer Configuration\Policies\Windows Settings\Security Settings\Local Policies\Security Options\User Account Control: Only elevate UIAccess applications that are installed in secure locations"
"2.3.17.6","To establish the recommended configuration via GP, set the following UI path to Enabled:

Computer Configuration\Policies\Windows Settings\Security Settings\Local Policies\Security Options\User Account Control: Run all administrators in Admin Approval Mode"
"2.3.17.7","To establish the recommended configuration via GP, set the following UI path to Enabled:

Computer Configuration\Policies\Windows Settings\Security Settings\Local Policies\Security Options\User Account Control: Switch to the secure desktop when prompting for elevation"
"2.3.17.8","To establish the recommended configuration via GP, set the following UI path to Enabled:

Computer Configuration\Policies\Windows Settings\Security Settings\Local Policies\Security Options\User Account Control: Virtualize file and registry write failures to per-user locations"
"5.1","To establish the recommended configuration via GP, set the following UI path to: Disabled:

Computer Configuration\Policies\Windows Settings\Security Settings\System Services\Print Spooler"
"5.2","To establish the recommended configuration via GP, set the following UI path to: Disabled:

Computer Configuration\Policies\Windows Settings\Security Settings\System Services\Print Spooler"
"9.1.1","To establish the recommended configuration via GP, set the following UI path to On (recommended):

Computer Configuration\Policies\Windows Settings\Security Settings\Windows Defender Firewall with Advanced Security\Windows Defender Firewall with Advanced Security\Windows Defender Firewall Properties\Domain Profile\Firewall state"
"9.1.2","To establish the recommended configuration via GP, set the following UI path to Block (default):

Computer Configuration\Policies\Windows Settings\Security Settings\Windows Defender Firewall with Advanced Security\Windows Defender Firewall with Advanced Security\Windows Defender Firewall Properties\Domain Profile\Inbound connections"
"9.1.3","To establish the recommended configuration via GP, set the following UI path to No:

Computer Configuration\Policies\Windows Settings\Security Settings\Windows Defender Firewall with Advanced Security\Windows Defender Firewall with Advanced Security\Windows Defender Firewall Properties\Domain Profile\Settings Customize\Display a notification"
"9.1.4","To establish the recommended configuration via GP, set the following UI path to <path>\<file name>.log:

Where <path> is the location and <file> is the log name specified by the organization.

Computer Configuration\Policies\Windows Settings\Security Settings\Windows Defender Firewall with Advanced Security\Windows Defender Firewall with Advanced Security\Windows Defender Firewall Properties\Domain Profile\Logging Customize\Name"
"9.1.5","To establish the recommended configuration via GP, set the following UI path to 16,384 KB or greater:

Computer Configuration\Policies\Windows Settings\Security Settings\Windows Defender Firewall with Advanced Security\Windows Defender Firewall with Advanced Security\Windows Defender Firewall Properties\Domain Profile\Logging Customize\Size limit (KB)"
"9.1.6","To establish the recommended configuration via GP, set the following UI path to Yes:

Computer Configuration\Policies\Windows Settings\Security Settings\Windows Defender Firewall with Advanced Security\Windows Defender Firewall with Advanced Security\Windows Defender Firewall Properties\Domain Profile\Logging Customize\Log dropped packets"
"9.1.7","To establish the recommended configuration via GP, set the following UI path to Yes:

Computer Configuration\Policies\Windows Settings\Security Settings\Windows Defender Firewall with Advanced Security\Windows Defender Firewall with Advanced Security\Windows Defender Firewall Properties\Domain Profile\Logging Customize\Log successful connections"
"9.2.1","To establish the recommended configuration via GP, set the following UI path to On (recommended):

Computer Configuration\Policies\Windows Settings\Security Settings\Windows Defender Firewall with Advanced Security\Windows Defender Firewall with Advanced Security\Windows Defender Firewall Properties\Private Profile\Firewall state"
"9.2.2","To establish the recommended configuration via GP, set the following UI path to Block (default):

Computer Configuration\Policies\Windows Settings\Security Settings\Windows Defender Firewall with Advanced Security\Windows Defender Firewall with Advanced Security\Windows Defender Firewall Properties\Private Profile\Inbound connections"
"9.2.3","To establish the recommended configuration via GP, set the following UI path to No:

Computer Configuration\Policies\Windows Settings\Security Settings\Windows Defender Firewall with Advanced Security\Windows Defender Firewall with Advanced Security\Windows Defender Firewall Properties\Private Profile\Settings Customize\Display a notification"
"9.2.4","To establish the recommended configuration via GP, set the following UI path to <path>\<file name>.log:

Where <path> is the location and <file> is the log name specified by the organization.

Computer Configuration\Policies\Windows Settings\Security Settings\Windows Defender Firewall with Advanced Security\Windows Defender Firewall with Advanced Security\Windows Defender Firewall Properties\Private Profile\Logging Customize\Name"
"9.2.5","To establish the recommended configuration via GP, set the following UI path to 16,384 KB or greater:

Computer Configuration\Policies\Windows Settings\Security Settings\Windows Defender Firewall with Advanced Security\Windows Defender Firewall with Advanced Security\Windows Defender Firewall Properties\Private Profile\Logging Customize\Size limit (KB)"
"9.2.6","To establish the recommended configuration via GP, set the following UI path to Yes:

Computer Configuration\Policies\Windows Settings\Security Settings\Windows Defender Firewall with Advanced Security\Windows Defender Firewall with Advanced Security\Windows Defender Firewall Properties\Private Profile\Logging Customize\Log dropped packets"
"9.2.7","To establish the recommended configuration via GP, set the following UI path to Yes:

Computer Configuration\Policies\Windows Settings\Security Settings\Windows Defender Firewall with Advanced Security\Windows Defender Firewall with Advanced Security\Windows Defender Firewall Properties\Private Profile\Logging Customize\Log successful connections"
"9.3.1","To establish the recommended configuration via GP, set the following UI path to On (recommended):

Computer Configuration\Policies\Windows Settings\Security Settings\Windows Defender Firewall with Advanced Security\Windows Defender Firewall with Advanced Security\Windows Defender Firewall Properties\Public Profile\Firewall state"
"9.3.2","To establish the recommended configuration via GP, set the following UI path to Block (default):

Computer Configuration\Policies\Windows Settings\Security Settings\Windows Defender Firewall with Advanced Security\Windows Defender Firewall with Advanced Security\Windows Defender Firewall Properties\Public Profile\Inbound connections"
"9.3.3","To establish the recommended configuration via GP, set the following UI path to 'No':

Computer Configuration\Policies\Windows Settings\Security Settings\Windows Defender Firewall with Advanced Security\Windows Defender Firewall with Advanced Security\Windows Defender Firewall Properties\Public Profile\Settings Customize\Display a notification"
"9.3.4","To establish the recommended configuration via GP, set the following UI path to No:

Computer Configuration\Policies\Windows Settings\Security Settings\Windows Defender Firewall with Advanced Security\Windows Defender Firewall with Advanced Security\Windows Defender Firewall Properties\Public Profile\Settings Customize\Apply local firewall rules"
"9.3.5","To establish the recommended configuration via GP, set the following UI path to No:

Computer Configuration\Policies\Windows Settings\Security Settings\Windows Defender Firewall with Advanced Security\Windows Defender Firewall with Advanced Security\Windows Defender Firewall Properties\Public Profile\Settings Customize\Apply local connection security rules"
"9.3.6","To establish the recommended configuration via GP, set the following UI path to <path>\<file name>.log:

Where <path> is the location and <file> is the log name specified by the organization.

Computer Configuration\Policies\Windows Settings\Security Settings\Windows Defender Firewall with Advanced Security\Windows Defender Firewall with Advanced Security\Windows Defender Firewall Properties\Public Profile\Logging Customize\Name"
"9.3.7","To establish the recommended configuration via GP, set the following UI path to 16,384 KB or greater:

Computer Configuration\Policies\Windows Settings\Security Settings\Windows Defender Firewall with Advanced Security\Windows Defender Firewall with Advanced Security\Windows Defender Firewall Properties\Public Profile\Logging Customize\Size limit (KB)"
"9.3.8","To establish the recommended configuration via GP, set the following UI path to Yes:

Computer Configuration\Policies\Windows Settings\Security Settings\Windows Defender Firewall with Advanced Security\Windows Defender Firewall with Advanced Security\Windows Defender Firewall Properties\Public Profile\Logging Customize\Log dropped packets"
"9.3.9","To establish the recommended configuration via GP, set the following UI path to Yes:

Computer Configuration\Policies\Windows Settings\Security Settings\Windows Defender Firewall with Advanced Security\Windows Defender Firewall with Advanced Security\Windows Defender Firewall Properties\Public Profile\Logging Customize\Log successful connections"
"17.1.1","To establish the recommended configuration via GP, set the following UI path to Success and Failure:

Computer Configuration\Policies\Windows Settings\Security Settings\Advanced Audit Policy Configuration\Audit Policies\Account Logon\Audit Credential Validation"
"17.1.2","To establish the recommended configuration via GP, set the following UI path to Success and Failure:

Computer Configuration\Policies\Windows Settings\Security Settings\Advanced Audit Policy Configuration\Audit Policies\Account Logon\Audit Kerberos Authentication Service"
"17.1.3","To establish the recommended configuration via GP, set the following UI path to Success and Failure:

Computer Configuration\Policies\Windows Settings\Security Settings\Advanced Audit Policy Configuration\Audit Policies\Account Logon\Audit Kerberos Service Ticket Operations"
"17.2.1","To establish the recommended configuration via GP, set the following UI path to Success and Failure:

Computer Configuration\Policies\Windows Settings\Security Settings\Advanced Audit Policy Configuration\Audit Policies\Account Management\Audit Application Group Management"
"17.2.2","To establish the recommended configuration via GP, set the following UI path to include Success:

Computer Configuration\Policies\Windows Settings\Security Settings\Advanced Audit Policy Configuration\Audit Policies\Account Management\Audit Computer Account Management"
"17.2.3","To establish the recommended configuration via GP, set the following UI path to include Success:

Computer Configuration\Policies\Windows Settings\Security Settings\Advanced Audit Policy Configuration\Audit Policies\Account Management\Audit Distribution Group Management"
"17.2.4","To establish the recommended configuration via GP, set the following UI path to include Success:

Computer Configuration\Policies\Windows Settings\Security Settings\Advanced Audit Policy Configuration\Audit Policies\Account Management\Audit Other Account Management Events"
"17.2.5","To establish the recommended configuration via GP, set the following UI path to include Success:

Computer Configuration\Policies\Windows Settings\Security Settings\Advanced Audit Policy Configuration\Audit Policies\Account Management\Audit Security Group Management"
"17.2.6","To establish the recommended configuration via GP, set the following UI path to Success and Failure:

Computer Configuration\Policies\Windows Settings\Security Settings\Advanced Audit Policy Configuration\Audit Policies\Account Management\Audit User Account Management"
"17.3.1","To establish the recommended configuration via GP, set the following UI path to include Success:

Computer Configuration\Policies\Windows Settings\Security Settings\Advanced Audit Policy Configuration\Audit Policies\Detailed Tracking\Audit PNP Activity"
"17.3.2","To establish the recommended configuration via GP, set the following UI path to include Success:

Computer Configuration\Policies\Windows Settings\Security Settings\Advanced Audit Policy Configuration\Audit Policies\Detailed Tracking\Audit Process Creation"
"17.4.1","To establish the recommended configuration via GP, set the following UI path to include Failure:

Computer Configuration\Policies\Windows Settings\Security Settings\Advanced Audit Policy Configuration\Audit Policies\DS Access\Audit Directory Service Access"
"17.4.2","To establish the recommended configuration via GP, set the following UI path to include Success:

Computer Configuration\Policies\Windows Settings\Security Settings\Advanced Audit Policy Configuration\Audit Policies\DS Access\Audit Directory Service Changes"
"17.5.1","To establish the recommended configuration via GP, set the following UI path to include Failure:

Computer Configuration\Policies\Windows Settings\Security Settings\Advanced Audit Policy Configuration\Audit Policies\Logon/Logoff\Audit Account Lockout"
"17.5.2","To establish the recommended configuration via GP, set the following UI path to include Success:

Computer Configuration\Policies\Windows Settings\Security Settings\Advanced Audit Policy Configuration\Audit Policies\Logon/Logoff\Audit Group Membership"
"17.5.3","To establish the recommended configuration via GP, set the following UI path to include Success:

Computer Configuration\Policies\Windows Settings\Security Settings\Advanced Audit Policy Configuration\Audit Policies\Logon/Logoff\Audit Logoff"
"17.5.4","To establish the recommended configuration via GP, set the following UI path to Success and Failure:

Computer Configuration\Policies\Windows Settings\Security Settings\Advanced Audit Policy Configuration\Audit Policies\Logon/Logoff\Audit Logon"
"17.5.5","To establish the recommended configuration via GP, set the following UI path to Success and Failure:

Computer Configuration\Policies\Windows Settings\Security Settings\Advanced Audit Policy Configuration\Audit Policies\Logon/Logoff\Audit Other Logon/Logoff Events"
"17.5.6","To establish the recommended configuration via GP, set the following UI path to include Success:

Computer Configuration\Policies\Windows Settings\Security Settings\Advanced Audit Policy Configuration\Audit Policies\Logon/Logoff\Audit Special Logon"
"17.6.1","To establish the recommended configuration via GP, set the following UI path to include Failure:

Computer Configuration\Policies\Windows Settings\Security Settings\Advanced Audit Policy Configuration\Audit Policies\Object Access\Audit Detailed File Share"
"17.6.2","To establish the recommended configuration via GP, set the following UI path to Success and Failure:

Computer Configuration\Policies\Windows Settings\Security Settings\Advanced Audit Policy Configuration\Audit Policies\Object Access\Audit File Share"
"17.6.3","To establish the recommended configuration via GP, set the following UI path to Success and Failure:

Computer Configuration\Policies\Windows Settings\Security Settings\Advanced Audit Policy Configuration\Audit Policies\Object Access\Audit Other Object Access Events"
"17.6.4","To establish the recommended configuration via GP, set the following UI path to Success and Failure:

Computer Configuration\Policies\Windows Settings\Security Settings\Advanced Audit Policy Configuration\Audit Policies\Object Access\Audit Removable Storage"
"17.7.1","To establish the recommended configuration via GP, set the following UI path to include Success:

Computer Configuration\Policies\Windows Settings\Security Settings\Advanced Audit Policy Configuration\Audit Policies\Policy Change\Audit Audit Policy Change"
"17.7.2","To establish the recommended configuration via GP, set the following UI path to include Success:

Computer Configuration\Policies\Windows Settings\Security Settings\Advanced Audit Policy Configuration\Audit Policies\Policy Change\Audit Authentication Policy Change"
"17.7.3","To establish the recommended configuration via GP, set the following UI path to include Success:

Computer Configuration\Policies\Windows Settings\Security Settings\Advanced Audit Policy Configuration\Audit Policies\Policy Change\Audit Authorization Policy Change"
"17.7.4","To establish the recommended configuration via GP, set the following UI path to Success and Failure:

Computer Configuration\Policies\Windows Settings\Security Settings\Advanced Audit Policy Configuration\Audit Policies\Policy Change\Audit MPSSVC Rule- Level Policy Change"
"17.7.5","To establish the recommended configuration via GP, set the following UI path to include Failure:

Computer Configuration\Policies\Windows Settings\Security Settings\Advanced Audit Policy Configuration\Audit Policies\Policy Change\Audit Other Policy Change Events"
"17.8.1","To establish the recommended configuration via GP, set the following UI path to Success:

Computer Configuration\Policies\Windows Settings\Security Settings\Advanced Audit Policy Configuration\Audit Policies\Privilege Use\Audit Sensitive Privilege Use"
"17.9.1","To establish the recommended configuration via GP, set the following UI path to Success and Failure:

Computer Configuration\Policies\Windows Settings\Security Settings\Advanced Audit Policy Configuration\Audit Policies\System\Audit IPsec Driver"
"17.9.2","To establish the recommended configuration via GP, set the following UI path to Success and Failure:

Computer Configuration\Policies\Windows Settings\Security Settings\Advanced Audit Policy Configuration\Audit Policies\System\Audit Other System Events"
"17.9.3","To establish the recommended configuration via GP, set the following UI path to include Success:

Computer Configuration\Policies\Windows Settings\Security Settings\Advanced Audit Policy Configuration\Audit Policies\System\Audit Security State Change"
"17.9.4","To establish the recommended configuration via GP, set the following UI path to include Success:

Computer Configuration\Policies\Windows Settings\Security Settings\Advanced Audit Policy Configuration\Audit Policies\System\Audit Security System Extension"
"17.9.5","To establish the recommended configuration via GP, set the following UI path to Success and Failure:

Computer Configuration\Policies\Windows Settings\Security Settings\Advanced Audit Policy Configuration\Audit Policies\System\Audit System Integrity"
"18.1.1.1","To establish the recommended configuration via GP, set the following UI path to Enabled:

Computer Configuration\Policies\Administrative Templates\Control Panel\Personalization\Prevent enabling lock screen camera

Note: This Group Policy path may not exist by default. It is provided by the Group Policy template ControlPanelDisplay.admx/adml that is included with the Microsoft Windows 8.1 & Server 2012 R2 Administrative Templates (or newer)."
"18.1.1.2","To establish the recommended configuration via GP, set the following UI path to Enabled:

Computer Configuration\Policies\Administrative Templates\Control Panel\Personalization\Prevent enabling lock screen slide show

Note: This Group Policy path may not exist by default. It is provided by the Group Policy template ControlPanelDisplay.admx/adml that is included with the Microsoft Windows 8.1 & Server 2012 R2 Administrative Templates (or newer)."
"18.1.2.2","To establish the recommended configuration via GP, set the following UI path to Disabled:

Computer Configuration\Policies\Administrative Templates\Control Panel\Regional and Language Options\Allow users to enable online speech recognition services

Note: This Group Policy path may not exist by default. It is provided by the Group Policy template Globalization.admx/adml that is included with the Microsoft Windows 10 RTM (Release 1507) Administrative Templates (or newer).

Note #2: In older Microsoft Windows Administrative Templates, this setting was initially named Allow input personalization. It was renamed to Allow users to enable online speech recognition services starting with the Windows 10 R1809 & Server 2019 Administrative Templates."
"18.1.3","To establish the recommended configuration via GP, set the following UI path to Disabled:

Computer Configuration\Policies\Administrative Templates\Control Panel\Allow Online Tips

Note: This Group Policy path may not exist by default. It is provided by the Group Policy template ControlPanel.admx/adml that is included with the Microsoft Windows 10 Release 1709 Administrative Templates (or newer)."
"18.4.1","To establish the recommended configuration via GP, set the following UI path to Enabled:

Computer Configuration\Policies\Administrative Templates\MS Security Guide\Apply UAC restrictions to local accounts on network logons

Note: This Group Policy path does not exist by default. An additional Group Policy template (SecGuide.admx/adml) is required - it is available from Microsoft at this link."
"18.4.2","To establish the recommended configuration via GP, set the following UI path to Enabled: Disable driver (recommended):

Computer Configuration\Policies\Administrative Templates\MS Security Guide\Configure SMB v1 client driver

Note: This Group Policy path does not exist by default. An additional Group Policy template (SecGuide.admx/adml) is required - it is available from Microsoft at this link."
"18.4.3","To establish the recommended configuration via GP, set the following UI path to Disabled:

Computer Configuration\Policies\Administrative Templates\MS Security Guide\Configure SMB v1 server

Note: This Group Policy path does not exist by default. An additional Group Policy template (SecGuide.admx/adml) is required - it is available from Microsoft at this link."
"18.4.4","To establish the recommended configuration via GP, set the following UI path to Enabled:

Computer Configuration\Policies\Administrative Templates\MS Security Guide\Enable Certificate Padding

Note: This Group Policy path does not exist by default. An additional Group Policy template (SecGuide.admx/adml) is required - it is available from Microsoft at this link."
"18.4.5","To establish the recommended configuration via GP, set the following UI path to Enabled:

Computer Configuration\Policies\Administrative Templates\MS Security Guide\Enable Structured Exception Handling Overwrite Protection (SEHOP)

Note: This Group Policy path does not exist by default. An additional Group Policy template (SecGuide.admx/adml) is required - it is available from Microsoft at this link.

More information is available at MSKB 956607: How to enable Structured Exception Handling Overwrite Protection (SEHOP) in Windows operating systems"
"18.4.6","To establish the recommended configuration via GP, set the following UI path to Enabled: P-node (recommended):

Computer Configuration\Policies\Administrative Templates\MS Security Guide\NetBT NodeType configuration

Note: This change does not take effect until the computer has been restarted.

Note #2: This Group Policy path does not exist by default. An additional Group Policy template (SecGuide.admx/adml) is required - it is available from Microsoft at this link. Please note that this setting is only available in the Security baseline (FINAL) for Windows 10 v1903 and Windows Server v1903 (or newer) release of SecGuide.admx/adml, so if you previously downloaded this template, you may need to update it from a newer Microsoft baseline to get this new NetBT NodeType configuration setting."
"18.5.1","To establish the recommended configuration via GP, set the following UI path to Disabled:

Computer Configuration\Policies\Administrative Templates\MSS (Legacy)\MSS: (AutoAdminLogon) Enable Automatic Logon

Note: This Group Policy path does not exist by default. An additional Group Policy template (MSS-legacy.admx/adml) is required - it is available from this TechNet blog post: The MSS settings ÔÇô Microsoft Security Guidance blog"
"18.5.2","To establish the recommended configuration via GP, set the following UI path to Enabled: Highest protection, source routing is completely disabled:

Computer Configuration\Policies\Administrative Templates\MSS (Legacy)\MSS: (DisableIPSourceRouting IPv6) IP source routing protection level

Note: This Group Policy path does not exist by default. An additional Group Policy template (MSS-legacy.admx/adml) is required - it is available from this TechNet blog post: The MSS settings ÔÇô Microsoft Security Guidance blog"
"18.5.3","To establish the recommended configuration via GP, set the following UI path to Enabled: Highest protection, source routing is completely disabled:

Computer Configuration\Policies\Administrative Templates\MSS (Legacy)\MSS: (DisableIPSourceRouting) IP source routing protection level

Note: This Group Policy path does not exist by default. An additional Group Policy template (MSS-legacy.admx/adml) is required - it is available from this TechNet blog post: The MSS settings ÔÇô Microsoft Security Guidance blog"
"18.5.4","To establish the recommended configuration via GP, set the following UI path to Disabled:

Computer Configuration\Policies\Administrative Templates\MSS (Legacy)\MSS: (EnableICMPRedirect) Allow ICMP redirects to override OSPF generated routes

Note: This Group Policy path does not exist by default. An additional Group Policy template (MSS-legacy.admx/adml) is required - it is available from this TechNet blog post: The MSS settings ÔÇô Microsoft Security Guidance blog"
"18.5.5","To establish the recommended configuration via GP, set the following UI path to Enabled: 300,000 or 5 minutes:

Computer Configuration\Policies\Administrative Templates\MSS (Legacy)\MSS: (KeepAliveTime) How often keep-alive packets are sent in milliseconds

Note: This Group Policy path does not exist by default. An additional Group Policy template (MSS-legacy.admx/adml) is required - it is available from this TechNet blog post: The MSS settings ÔÇô Microsoft Security Guidance blog"
"18.5.6","To establish the recommended configuration via GP, set the following UI path to Enabled:

Computer Configuration\Policies\Administrative Templates\MSS (Legacy)\MSS: (NoNameReleaseOnDemand) Allow the computer to ignore NetBIOS name release requests except from WINS servers

Note: This Group Policy path does not exist by default. An additional Group Policy template (MSS-legacy.admx/adml) is required - it is available from this TechNet blog post: The MSS settings ÔÇô Microsoft Security Guidance blog"
"18.5.7","To establish the recommended configuration via GP, set the following UI path to Disabled:

Computer Configuration\Policies\Administrative Templates\MSS (Legacy)\MSS: (PerformRouterDiscovery) Allow IRDP to detect and configure Default Gateway addresses

Note: This Group Policy path does not exist by default. An additional Group Policy template (MSS-legacy.admx/adml) is required - it is available from this TechNet blog post: The MSS settings ÔÇô Microsoft Security Guidance blog"
"18.5.8","To establish the recommended configuration via GP, set the following UI path to Enabled:

Computer Configuration\Policies\Administrative Templates\MSS (Legacy)\MSS: (SafeDllSearchMode) Enable Safe DLL search mode

Note: This Group Policy path does not exist by default. An additional Group Policy template (MSS-legacy.admx/adml) is required - it is available from this TechNet blog post: The MSS settings ÔÇô Microsoft Security Guidance blog"
"18.5.9","To establish the recommended configuration via GP, set the following UI path to Enabled: 3:

Computer Configuration\Policies\Administrative Templates\MSS (Legacy)\MSS:(TcpMaxDataRetransmissions IPv6) How many times unacknowledged data is retransmitted

Note: This Group Policy path does not exist by default. An additional Group Policy template (MSS-legacy.admx/adml) is required - it is available from this TechNet blog post: The MSS settings ÔÇô Microsoft Security Guidance blog"
"18.5.10","To establish the recommended configuration via GP, set the following UI path to Enabled: 3:

Computer Configuration\Policies\Administrative Templates\MSS (Legacy)\MSS:(TcpMaxDataRetransmissions) How many times unacknowledged data is retransmitted

Note: This Group Policy path does not exist by default. An additional Group Policy template (MSS-legacy.admx/adml) is required - it is available from this TechNet blog post: The MSS settings ÔÇô Microsoft Security Guidance blog"
"18.5.11","To establish the recommended configuration via GP, set the following UI path to Enabled: 90% or less:

Computer Configuration\Policies\Administrative Templates\MSS (Legacy)\MSS: (WarningLevel) Percentage threshold for the security event log at which the system will generate a warning

Note: This Group Policy path does not exist by default. An additional Group Policy template (MSS-legacy.admx/adml) is required - it is available from this TechNet blog post: The MSS settings ÔÇô Microsoft Security Guidance blog"
"18.6.4.1","To establish the recommended configuration via GP, set the following UI path to Disabled:

Computer Configuration\Policies\Administrative Templates\Network\DNS Client\Configure multicast DNS (mDNS) protocol

Note: This Group Policy path is provided by the Group Policy template DnsClient.admx/adml that is included with the Microsoft Windows 11 Release 24H2 Administrative Templates (or newer)."
"18.6.4.2","To establish the recommended configuration via GP, set the following UI path to Enabled: Disable NetBIOS name resolution on public networks:

Computer Configuration\Policies\Administrative Templates\Network\DNS Client\Configure NetBIOS settings

Note: This Group Policy path may not exist by default. It is provided by the Group Policy template DnsClient.admx/adml that is included with the Microsoft Windows 11 Release 22H2 Administrative Templates v1.0 (or newer)."
"18.6.4.3","To establish the recommended configuration via GP, set the following UI path to Enabled:

Computer Configuration\Policies\Administrative Templates\Network\DNS Client\Turn off default IPv6 DNS Servers

Note: This Group Policy path is provided by the Group Policy template DnsClient.admx/adml that is included with the Microsoft Windows 11 Release 24H2 Administrative Templates (or newer)."
"18.6.4.4","To establish the recommended configuration via GP, set the following UI path to Enabled:

Computer Configuration\Policies\Administrative Templates\Network\DNS Client\Turn off multicast name resolution

Note: This Group Policy path may not exist by default. It is provided by the Group Policy template DnsClient.admx/adml that is included with the Microsoft Windows 8.0 & Server 2012 (non-R2) Administrative Templates (or newer)."
"18.6.5.1","To establish the recommended configuration via GP, set the following UI path to Disabled:

Computer Configuration\Policies\Administrative Templates\Network\Fonts\Enable Font Providers

Note: This Group Policy path may not exist by default. It is provided by the Group Policy template GroupPolicy.admx/adml that is included with the Microsoft Windows 10 Release 1607 & Server 2016 Administrative Templates (or newer)."
"18.6.7.1","To establish the recommended configuration via GP, set the following UI path to Enabled:

Computer Configuration\Policies\Administrative Templates\Network\Lanman Server\Audit client does not support encryption

Note: This Group Policy path may not exist by default. It is provided by the Group Policy template LanmanServer.admx/adml that is included with the Microsoft Windows 11 Release 24H2 Administrative Templates (or newer)."
"18.6.7.2","To establish the recommended configuration via GP, set the following UI path to Enabled:

Computer Configuration\Policies\Administrative Templates\Network\Lanman Server\Audit client does not support signing

Note: This Group Policy path may not exist by default. It is provided by the Group Policy template LanmanServer.admx/adml that is included with the Microsoft Windows 11 Release 24H2 Administrative Templates (or newer)."
"18.6.7.3","To establish the recommended configuration via GP, set the following UI path to Enabled:

Computer Configuration\Policies\Administrative Templates\Network\Lanman Server\Audit insecure guest logon

Note: This Group Policy path may not exist by default. It is provided by the Group Policy template LanmanServer.admx/adml that is included with the Microsoft Windows 11 Release 24H2 Administrative Templates (or newer)."
"18.6.7.4","To establish the recommended configuration via GP, set the following UI path to Enabled:

Computer Configuration\Policies\Administrative Templates\Network\Lanman Server\Enable authentication rate limiter

Note: This Group Policy path may not exist by default. It is provided by the Group Policy template LanmanServer.admx/adml that is included with the Microsoft Windows 11 Release 24H2 Administrative Templates (or newer)."
"18.6.7.5","To establish the recommended configuration via GP, set the following UI path to Disabled:

Computer Configuration\Policies\Administrative Templates\Network\Lanman Server\Enable remote mailslots

Note: A reboot is required after the setting is applied.

Note #2: This Group Policy path may not exist by default. It is provided by the Group Policy template LanmanServer.admx/adml that is included with the Microsoft Windows 11 Release 24H2 Administrative Templates (or newer)."
"18.6.7.6","To establish the recommended configuration via GP, set the following UI path to Enabled: 3.1.1:

Computer Configuration\Policies\Administrative Templates\Network\Lanman Server\Mandate the minimum version of SMB

Note: This Group Policy path may not exist by default. It is provided by the Group Policy template LanmanServer.admx/adml that is included with the Microsoft Windows 11 Release 24H2 Administrative Templates (or newer)."
"18.6.7.7","To establish the recommended configuration via GP, set the following UI path to Enabled: 2000 or more:

Computer Configuration\Policies\Administrative Templates\Network\Lanman Server\Set authentication rate limiter delay (milliseconds)

Note: This Group Policy path may not exist by default. It is provided by the Group Policy template LanmanServer.admx/adml that is included with the Microsoft Windows 11 Release 24H2 Administrative Templates (or newer)."
"18.6.8.1","To establish the recommended configuration via GP, set the following UI path to Enabled:

Computer Configuration\Policies\Administrative Templates\Network\Lanman Workstation\Audit insecure guest logon

Note: This Group Policy path may not exist by default. It is provided by the Group Policy template LanmanWorkstation.admx/adml that is included with the Microsoft Windows 11 Release 24H2 Administrative Templates (or newer)."
"18.6.8.2","To establish the recommended configuration via GP, set the following UI path to Enabled:

Computer Configuration\Policies\Administrative Templates\Network\Lanman Workstation\Audit server does not support encryption

Note: This Group Policy path may not exist by default. It is provided by the Group Policy template LanmanWorkstation.admx/adml that is included with the Microsoft Windows 11 Release 24H2 Administrative Templates (or newer)."
"18.6.8.3","To establish the recommended configuration via GP, set the following UI path to Enabled:

Computer Configuration\Policies\Administrative Templates\Network\Lanman Workstation\Audit server does not support signing

Note: This Group Policy path may not exist by default. It is provided by the Group Policy template LanmanWorkstation.admx/adml that is included with the Microsoft Windows 11 Release 24H2 Administrative Templates (or newer)."
"18.6.8.4","To establish the recommended configuration via GP, set the following UI path to Disabled:

Computer Configuration\Policies\Administrative Templates\Network\Lanman Workstation\Enable insecure guest logons

Note: This Group Policy path may not exist by default. It is provided by the Group Policy template LanmanWorkstation.admx/adml that is included with the Microsoft Windows 10 Release 1511 Administrative Templates (or newer)."
"18.6.8.5","To establish the recommended configuration via GP, set the following UI path to Disabled:

Computer Configuration\Policies\Administrative Templates\Network\Lanman Workstation\Enable remote mailslots

Note: A reboot is required after the setting is applied.

Note #2: This Group Policy path may not exist by default. It is provided by the Group Policy template LanmanWorkstation.admx/adml that is included with the Microsoft Windows 11 Release 24H2 Administrative Templates (or newer)."
"18.6.8.6","To establish the recommended configuration via GP, set the following UI path to Enabled: 3.1.1:

Computer Configuration\Policies\Administrative Templates\Network\Lanman Workstation\Mandate the minimum version of SMB

Note: This Group Policy path may not exist by default. It is provided by the Group Policy template LanmanWorkstation.admx/adml that is included with the Microsoft Windows 11 Release 24H2 Administrative Templates (or newer)."
"18.6.8.7","To establish the recommended configuration via GP, set the following UI path to Enabled:

Computer Configuration\Policies\Administrative Templates\Network\Lanman Workstation\Require Encryption

Note: This Group Policy path may not exist by default. It is provided by the Group Policy template LanmanWorkstation.admx/adml that is included with the Microsoft Windows 11 Release 24H2 Administrative Templates (or newer)."
"18.6.9.1","To establish the recommended configuration via GP, set the following UI path to Disabled:

Computer Configuration\Policies\Administrative Templates\Network\Link-Layer Topology Discovery\Turn on Mapper I/O (LLTDIO) driver

Note: This Group Policy path is provided by the Group Policy template LinkLayerTopologyDiscovery.admx/adml that is included with all versions of the Microsoft Windows Administrative Templates."
"18.6.9.2","To establish the recommended configuration via GP, set the following UI path to Disabled:

Computer Configuration\Policies\Administrative Templates\Network\Link-Layer Topology Discovery\Turn on Responder (RSPNDR) driver

Note: This Group Policy path is provided by the Group Policy template LinkLayerTopologyDiscovery.admx/adml that is included with all versions of the Microsoft Windows Administrative Templates."
"18.6.10.2","To establish the recommended configuration via GP, set the following UI path to Enabled:

Computer Configuration\Policies\Administrative Templates\Network\Microsoft Peer-to-Peer Networking Services\Turn off Microsoft Peer-to-Peer Networking Services

Note: This Group Policy path is provided by the Group Policy template P2P- pnrp.admx/adml that is included with all versions of the Microsoft Windows Administrative Templates."
"18.6.11.2","To establish the recommended configuration via GP, set the following UI path to Enabled:

Computer Configuration\Policies\Administrative Templates\Network\Network Connections\Prohibit installation and configuration of Network Bridge on your DNS domain network

Note: This Group Policy path is provided by the Group Policy template NetworkConnections.admx/adml that is included with all versions of the Microsoft Windows Administrative Templates."
"18.6.11.3","To establish the recommended configuration via GP, set the following UI path to Enabled:

Computer Configuration\Policies\Administrative Templates\Network\Network Connections\Prohibit use of Internet Connection Sharing on your DNS domain network

Note: This Group Policy path is provided by the Group Policy template NetworkConnections.admx/adml that is included with all versions of the Microsoft Windows Administrative Templates."
"18.6.11.4","To establish the recommended configuration via GP, set the following UI path to Enabled:

Computer Configuration\Policies\Administrative Templates\Network\Network Connections\Require domain users to elevate when setting a network's location

Note: This Group Policy path may not exist by default. It is provided by the Group Policy template NetworkConnections.admx/adml that is included with the Microsoft Windows 7 & Server 2008 R2 Administrative Templates (or newer)."
"18.6.14.1","To establish the recommended configuration via GP, set the following UI path to Enabled with the following paths configured, at a minimum:

\\*\NETLOGON RequireMutualAuthentication=1, RequireIntegrity=1, RequirePrivacy=1 \\*\SYSVOL RequireMutualAuthentication=1, RequireIntegrity=1, RequirePrivacy=1

Computer Configuration\Policies\Administrative Templates\Network\Network Provider\Hardened UNC Paths

Note: This Group Policy path does not exist by default. An additional Group Policy template (NetworkProvider.admx/adml) is required - it is included with the MS15-011 / MSKB 3000483 security update or with the Microsoft Windows 10 RTM (Release 1507) Administrative Templates (or newer)."
"18.6.19.2.1","To establish the recommended configuration, set the following Registry value to 0xff (255) (DWORD):

HKEY_LOCAL_MACHINE\SYSTEM\CurrentControlSet\Services\TCPIP6\Parameters:Disabl edComponents

Note: This change does not take effect until the computer has been restarted.

Note #2: Although Microsoft does not provide ADMX/ADML templates to configure this registry value, custom templates (Configure-IPv6-Components- KB929852.ADMX/ADML) are provided in the CIS Benchmark Build Kit to facilitate its configuration. Be aware though that simply turning off (not configured) the group policy setting with the template will not ""undo"" the change once applied. Instead, the opposite setting must be applied to change the registry value to the opposite state."
"18.6.20.1","To establish the recommended configuration via GP, set the following UI path to Disabled:

Computer Configuration\Policies\Administrative Templates\Network\Windows Connect Now\Configuration of wireless settings using Windows Connect Now

Note: This Group Policy path is provided by the Group Policy template WindowsConnectNow.admx/adml that is included with all versions of the Microsoft Windows Administrative Templates."
"18.6.20.2","To establish the recommended configuration via GP, set the following UI path to Enabled:

Computer Configuration\Policies\Administrative Templates\Network\Windows Connect Now\Prohibit access of the Windows Connect Now wizards

Note: This Group Policy path may not exist by default. It is provided by the Group Policy template WindowsConnectNow.admx/adml that is included with the Microsoft Windows 8.0 & Server 2012 (non-R2) Administrative Templates (or newer)."
"18.6.21.1","To establish the recommended configuration via GP, set the following UI path to Enabled: 3 = Prevent Wi-Fi when on Ethernet:

Computer Configuration\Policies\Administrative Templates\Network\Windows Connection Manager\Minimize the number of simultaneous connections to the Internet or a Windows Domain

Note: This Group Policy path may not exist by default. It is provided by the Group Policy template WCM.admx/adml that is included with the Microsoft Windows 8.0 & Server 2012 (non-R2) Administrative Templates. It was updated with a new Minimize Policy Options sub-setting starting with the Windows 10 Release 1903 Administrative Templates."
"18.6.21.2","To establish the recommended configuration via GP, set the following UI path to Enabled:

Computer Configuration\Policies\Administrative Templates\Network\Windows Connection Manager\Prohibit connection to non-domain networks when connected to domain authenticated network

Note: This Group Policy path may not exist by default. It is provided by the Group Policy template WCM.admx/adml that is included with the Microsoft Windows 8.0 & Server 2012 (non-R2) Administrative Templates (or newer)."
"18.7.1","To establish the recommended configuration via GP, set the following UI path to Disabled:

Computer Configuration\Policies\Administrative Templates\Printers:Allow Print Spooler to accept client connections

Note: This Group Policy path is provided by the Group Policy template Printing2.admx/adml that is included with all versions of the Microsoft Windows Administrative Templates."
"18.7.2","To establish the recommended configuration via GP, set the following UI path to Enabled: Redirection Guard Enabled:

Computer Configuration\Policies\Administrative Templates\Printers\Configure Redirection Guard

Note: This Group Policy path is provided by the Group Policy template Printing.admx/adml that is included with the Microsoft Windows 11 Release 22H2 Administrative Templates v1.0 (or newer)."
"18.7.3","To establish the recommended configuration via GP, set the following UI path to Enabled: RPC over TCP:

Computer Configuration\Policies\Administrative Templates\Printers\Configure RPC connection settings: Protocol to use for outgoing RPC connections

Note: This Group Policy path is provided by the Group Policy template Printing.admx/adml that is included with the Microsoft Windows 11 Release 22H2 Administrative Templates v1.0 (or newer)."
"18.7.4","To establish the recommended configuration via GP, set the following UI path to Enabled: Default:

Computer Configuration\Policies\Administrative Templates\Printers\Configure RPC connection settings: Use authentication for outgoing RPC connections

Note: This Group Policy path is provided by the Group Policy template Printing.admx/adml that is included with the Microsoft Windows 11 Release 22H2 Administrative Templates v1.0 (or newer)."
"18.7.5","To establish the recommended configuration via GP, set the following UI path to Enabled: RCP over TCP:

Computer Configuration\Policies\Administrative Templates\Printers\Configure RPC listener settings: Configure protocol options for incoming RPC connections

Note: This Group Policy path is provided by the Group Policy template Printing.admx/adml that is included with the Microsoft Windows 11 Release 22H2 Administrative Templates v1.0 (or newer)."
"18.7.6","To establish the recommended configuration via GP, set the following UI path to Enabled: Negotiate or Enabled: Kerberos:

Computer Configuration\Policies\Administrative Templates\Printers\Configure RPC listener settings: Configure protocol options for incoming RPC connections

Note: This Group Policy path is provided by the Group Policy template Printing.admx/adml that is included with the Microsoft Windows 11 Release 22H2 Administrative Templates v1.0 (or newer)."
"18.7.7","To establish the recommended configuration via GP, set the following UI path to Enabled: 0:

Computer Configuration\Policies\Administrative Templates\Printers\Configure RPC over TCP port

Note: This Group Policy path is provided by the Group Policy template Printing.admx/adml that is included with the Microsoft Windows 11 Release 22H2 Administrative Templates v1.0 (or newer)."
"18.7.8","To establish the recommended configuration via GP, set the following UI path to Enabled:

Computer Configuration\Policies\Administrative Templates\MS Security Guide\Configure RPC packet level privacy setting for incoming connections

Note: This Group Policy path is provided by the Group Policy template Printing.admx/adml that is included with all versions of the Microsoft Windows Administrative Templates."
"18.7.9","To establish the recommended configuration via GP, set the following UI path to Enabled.

Computer Configuration\Policies\Administrative Templates\Printers\Configure Windows protected print

Note: This Group Policy path is provided by the Group Policy template Printing.admx/adml that is included with the Microsoft Windows 11 Release 24H2 Administrative Templates (or newer)."
"18.7.10","To establish the recommended configuration via GP, set the following UI path to Enabled.

Computer Configuration\Policies\Administrative Templates\Printers\Limits print driver installation to Administrators

Note: This Group Policy path is provided by the Group Policy template Printing.admx/adml that is included with the Microsoft Windows 10 Release 21H2 Administrative Templates (or newer)."
"18.7.11","To establish the recommended configuration via GP, set the following UI path to Enabled: Limit Queue-specific files to Color profiles:

Computer Configuration\Policies\Administrative Templates\Printers\Manage processing of Queue-specific files

Note: This Group Policy path is provided by the Group Policy template Printing.admx/adml that is included with the Microsoft Windows 11 Release 22H2 Administrative Templates v1.0 (or newer)."
"18.7.12","To establish the recommended configuration via GP, set the following UI path to Enabled: Show warning and elevation prompt:

Computer Configuration\Policies\Administrative Templates\Printers\Point and Print Restrictions: When installing drivers for a new connection

Note: This Group Policy path is provided by the Group Policy template Printing.admx/adml that is included with all versions of the Microsoft Windows Administrative Templates."
"18.7.13","To establish the recommended configuration via GP, set the following UI path to Enabled: Show warning and elevation prompt:

Computer Configuration\Policies\Administrative Templates\Printers\Point and Print Restrictions: When updating drivers for an existing connection

Note: This Group Policy path is provided by the Group Policy template Printing.admx/adml that is included with all versions of the Microsoft Windows Administrative Templates."
"18.7.14","To establish the recommended configuration via GP, set the following UI path to Enabled.

Computer Configuration\Policies\Administrative Templates\Printers\Require IPPS for IPP printers

Note: This Group Policy path is provided by the Group Policy template Printing.admx/adml that is included with the Microsoft Windows 11 Release 25H2 Administrative Templates (or newer)."
"18.7.15","To establish the recommended configuration via GP, set the following UI path to Enabled: Checked.

Computer Configuration\Policies\Administrative Templates\Printers\Set TLS/SSL security policy for IPP printers: Disallow invalid certificate authority

Note: This Group Policy path is provided by the Group Policy template Printing.admx/adml that is included with the Microsoft Windows 11 Release 25H2 Administrative Templates (or newer)."
"18.7.16","To establish the recommended configuration via GP, set the following UI path to Enabled: Checked.

Computer Configuration\Policies\Administrative Templates\Printers\Set TLS/SSL security policy for IPP printers: Disallow non-server certificates

Note: This Group Policy path is provided by the Group Policy template Printing.admx/adml that is included with the Microsoft Windows 11 Release 25H2 Administrative Templates (or newer)."
"18.7.17","To establish the recommended configuration via GP, set the following UI path to Enabled: Checked.

Computer Configuration\Policies\Administrative Templates\Printers\Set TLS/SSL security policy for IPP printers: Disallow invalid certificate common name

Note: This Group Policy path is provided by the Group Policy template Printing.admx/adml that is included with the Microsoft Windows 11 Release 25H2 Administrative Templates (or newer)."
"18.7.18","To establish the recommended configuration via GP, set the following UI path to Enabled: Checked.

Computer Configuration\Policies\Administrative Templates\Printers\Set TLS/SSL security policy for IPP printers: Disallow invalid certificate date

Note: This Group Policy path is provided by the Group Policy template Printing.admx/adml that is included with the Microsoft Windows 11 Release 25H2 Administrative Templates (or newer)."
"18.8.1.1","To establish the recommended configuration via GP, set the following UI path to Enabled:

Computer Configuration\Policies\Administrative Templates\Start Menu and Taskbar\Turn off notifications network usage

Note: This Group Policy path may not exist by default. It is provided by the Group Policy template WPN.admx/adml that is included with the Microsoft Windows 10 Release 1607 & Server 2016 Administrative Templates (or newer)."
"18.9.3.1","To establish the recommended configuration via GP, set the following UI path to Enabled:

Computer Configuration\Policies\Administrative Templates\System\Audit Process Creation\Include command line in process creation events

Note: This Group Policy path may not exist by default. It is provided by the Group Policy template AuditSettings.admx/adml that is included with the Microsoft Windows 8.1 & Server 2012 R2 Administrative Templates (or newer)."
"18.9.4.1","To establish the recommended configuration via GP, set the following UI path to Enabled: Force Updated Clients:

Computer Configuration\Policies\Administrative Templates\System\Credentials Delegation\Encryption Oracle Remediation

Note: This Group Policy path may not exist by default. It is provided by the Group Policy template CredSsp.admx/adml that is included with the Microsoft Windows 10 Release 1803 Administrative Templates (or newer)."
"18.9.4.2","To establish the recommended configuration via GP, set the following UI path to Enabled:

Computer Configuration\Policies\Administrative Templates\System\Credentials Delegation\Remote host allows delegation of non-exportable credentials

Note: This Group Policy path may not exist by default. It is provided by the Group Policy template CredSsp.admx/adml that is included with the Microsoft Windows 10 Release 1703 Administrative Templates (or newer)."
"18.9.5.1","To establish the recommended configuration via GP, set the following UI path to Enabled:

Computer Configuration\Policies\Administrative Templates\System\Device Guard\Turn On Virtualization Based Security

Note: This Group Policy path may not exist by default. It is provided by the Group Policy template DeviceGuard.admx/adml that is included with the Microsoft Windows 10 RTM (Release 1507) Administrative Templates (or newer)."
"18.9.5.2","To establish the recommended configuration via GP, set the following UI path to Secure Boot or Secure Boot and DMA Protection:

Computer Configuration\Policies\Administrative Templates\System\Device Guard\Turn On Virtualization Based Security: Select Platform Security Level

Note: This Group Policy path may not exist by default. It is provided by the Group Policy template DeviceGuard.admx/adml that is included with the Microsoft Windows 10 RTM (Release 1507) Administrative Templates (or newer)."
"18.9.5.3","To establish the recommended configuration via GP, set the following UI path to Enabled with UEFI lock:

Computer Configuration\Policies\Administrative Templates\System\Device Guard\Turn On Virtualization Based Security: Virtualization Based Protection of Code Integrity

Note: This Group Policy path may not exist by default. It is provided by the Group Policy template DeviceGuard.admx/adml that is included with the Microsoft Windows 10 RTM (Release 1507) Administrative Templates (or newer)."
"18.9.5.4","To establish the recommended configuration via GP, set the following UI path to TRUE:

Computer Configuration\Policies\Administrative Templates\System\Device Guard\Turn On Virtualization Based Security: Require UEFI Memory Attributes Table

Note: This Group Policy path may not exist by default. It is provided by the Group Policy template DeviceGuard.admx/adml that is included with the Microsoft Windows 10 Release 1703 Administrative Templates (or newer)."
"18.9.5.5","To establish the recommended configuration via GP, set the following UI path to Enabled with UEFI lock (on Member Servers only):

Computer Configuration\Policies\Administrative Templates\System\Device Guard\Turn On Virtualization Based Security: Credential Guard Configuration

Note: This Group Policy path may not exist by default. It is provided by the Group Policy template DeviceGuard.admx/adml that is included with the Microsoft Windows 10 Release 1511 Administrative Templates (or newer)."
"18.9.5.6","To establish the recommended configuration via GP, set the following UI path to Disabled:

Computer Configuration\Policies\Administrative Templates\System\Device Guard\Turn On Virtualization Based Security: Credential Guard Configuration

Note: This Group Policy path may not exist by default. It is provided by the Group Policy template DeviceGuard.admx/adml that is included with the Microsoft Windows 10 Release 1511 Administrative Templates (or newer)."
"18.9.5.7","To establish the recommended configuration via GP, set the following UI path to Enabled:

Computer Configuration\Policies\Administrative Templates\System\Device Guard\Turn On Virtualization Based Security: Secure Launch Configuration

Note: This Group Policy path may not exist by default. It is provided by the Group Policy template DeviceGuard.admx/adml that is included with the Microsoft Windows 10 Release 1809 & Server 2019 Administrative Templates (or newer)."
"18.9.7.2","To establish the recommended configuration via GP, set the following UI path to Enabled:

Computer Configuration\Policies\Administrative Templates\System\Device Installation\Prevent automatic download of applications associated with device metadata

Note: This Group Policy path is provided by the Group Policy template DeviceInstallation.admx/adml that is included with the Microsoft Windows 7 & Server 2008 R2 Administrative Templates, or with the Group Policy template DeviceSetup.admx/adml that is included with the Microsoft Windows 8.0 & Server 2012 (non-R2) Administrative Templates (or newer).

Note #2: In older Microsoft Windows Administrative Templates, this setting was initially named Prevent device metadata retrieval from the Internet. It was renamed to Prevent automatic download of applications associated with device metadata starting with the Windows 11 25H2 Administrative Templates."
"18.9.13.1","To establish the recommended configuration via GP, set the following UI path to Enabled: Good, unknown and bad but critical:

Computer Configuration\Policies\Administrative Templates\System\Early Launch Antimalware\Boot-Start Driver Initialization Policy

Note: This Group Policy path may not exist by default. It is provided by the Group Policy template EarlyLaunchAM.admx/adml that is included with the Microsoft Windows 8.0 & Server 2012 (non-R2) Administrative Templates (or newer)."
"18.9.17.1","To establish the recommended configuration via GP, set the following UI path to Enabled:

Computer Configuration\Policies\Administrative Templates\System\Filesystem\Enable / disable CLFS logfile authentication

Note: This Group Policy path is provided by the Group Policy template FileSys.admx/adml that is included with the Microsoft Windows 11 Release 25H2 Administrative Templates (or newer)."
"18.9.19.2","To establish the recommended configuration via GP, set the following UI path to Enabled, then set the Do not apply during periodic background processing option to FALSE (unchecked):

Computer Configuration\Policies\Administrative Templates\System\Group Policy\Configure security policy processing

Note: This Group Policy path is provided by the Group Policy template GroupPolicy.admx/adml that is included with the Microsoft Windows 8.0 & Server 2012 (non-R2) Administrative Templates (or newer)."
"18.9.19.3","To establish the recommended configuration via GP, set the following UI path to Enabled, then set the Process even if the Group Policy objects have not changed option to TRUE (checked):

Computer Configuration\Policies\Administrative Templates\System\Group Policy\Configure security policy processing

Note: This Group Policy path is provided by the Group Policy template GroupPolicy.admx/adml that is included with the Microsoft Windows 8.0 & Server 2012 (non-R2) Administrative Templates (or newer)."
"18.9.19.4","To establish the recommended configuration via GP, set the following UI path to Disabled:

Computer Configuration\Policies\Administrative Templates\System\Group Policy\Continue experiences on this device

Note: This Group Policy path may not exist by default. It is provided by the Group Policy template GroupPolicy.admx/adml that is included with the Microsoft Windows 10 Release 1607 & Server 2016 Administrative Templates (or newer)."
"18.9.19.5","To establish the recommended configuration via GP, set the following UI path to Disabled:

Computer Configuration\Policies\Administrative Templates\System\Group Policy\Turn off background refresh of Group Policy

Note: This Group Policy path is provided by the Group Policy template GroupPolicy.admx/adml that is included with all versions of the Microsoft Windows Administrative Templates."
"18.9.20.1.1","To establish the recommended configuration via GP, set the following UI path to Enabled:

Computer Configuration\Policies\Administrative Templates\System\Internet Communication Management\Internet Communication settings\Turn off downloading of print drivers over HTTP

Note: This Group Policy path is provided by the Group Policy template ICM.admx/adml that is included with all versions of the Microsoft Windows Administrative Templates."
"18.9.20.1.2","To establish the recommended configuration via GP, set the following UI path to Enabled:

Computer Configuration\Policies\Administrative Templates\System\Internet Communication Management\Internet Communication settings\Turn off handwriting personalization data sharing

Note: This Group Policy path may not exist by default. It is provided by the Group Policy template ShapeCollector.admx/adml that is included with the Microsoft Windows 7 & Server 2008 R2 Administrative Templates (or newer)."
"18.9.20.1.3","To establish the recommended configuration via GP, set the following UI path to Enabled:

Computer Configuration\Policies\Administrative Templates\System\Internet Communication Management\Internet Communication settings\Turn off handwriting recognition error reporting

Note: This Group Policy path is provided by the Group Policy template InkWatson.admx/adml that is included with all versions of the Microsoft Windows Administrative Templates."
"18.9.20.1.4","To establish the recommended configuration via GP, set the following UI path to Enabled:

Computer Configuration\Policies\Administrative Templates\System\Internet Communication Management\Internet Communication settings\Turn off Internet Connection Wizard if URL connection is referring to Microsoft.com

Note: This Group Policy path is provided by the Group Policy template ICM.admx/adml that is included with all versions of the Microsoft Windows Administrative Templates."
"18.9.20.1.5","To establish the recommended configuration via GP, set the following UI path to Enabled:

Computer Configuration\Policies\Administrative Templates\System\Internet Communication Management\Internet Communication settings\Turn off Internet download for Web publishing and online ordering wizards

Note: This Group Policy path is provided by the Group Policy template ICM.admx/adml that is included with all versions of the Microsoft Windows Administrative Templates."
"18.9.20.1.6","To establish the recommended configuration via GP, set the following UI path to Enabled:

Computer Configuration\Policies\Administrative Templates\System\Internet Communication Management\Internet Communication settings\Turn off printing over HTTP

Note: This Group Policy path is provided by the Group Policy template ICM.admx/adml that is included with all versions of the Microsoft Windows Administrative Templates."
"18.9.20.1.7","To establish the recommended configuration via GP, set the following UI path to Enabled:

Computer Configuration\Policies\Administrative Templates\System\Internet Communication Management\Internet Communication settings\Turn off Registration if URL connection is referring to Microsoft.com

Note: This Group Policy path is provided by the Group Policy template ICM.admx/adml that is included with all versions of the Microsoft Windows Administrative Templates."
"18.9.20.1.8","To establish the recommended configuration via GP, set the following UI path to Enabled:

Computer Configuration\Policies\Administrative Templates\System\Internet Communication Management\Internet Communication settings\Turn off Search Companion content file updates

Note: This Group Policy path is provided by the Group Policy template ICM.admx/adml that is included with all versions of the Microsoft Windows Administrative Templates."
"18.9.20.1.9","To establish the recommended configuration via GP, set the following UI path to Enabled:

Computer Configuration\Policies\Administrative Templates\System\Internet Communication Management\Internet Communication settings\Turn off the ""Order Prints"" picture task

Note: This Group Policy path is provided by the Group Policy template ICM.admx/adml that is included with all versions of the Microsoft Windows Administrative Templates."
"18.9.20.1.10","To establish the recommended configuration via GP, set the following UI path to Enabled:

Computer Configuration\Policies\Administrative Templates\System\Internet Communication Management\Internet Communication settings\Turn off the ""Publish to Web"" task for files and folders

Note: This Group Policy path is provided by the Group Policy template ICM.admx/adml that is included with all versions of the Microsoft Windows Administrative Templates."
"18.9.20.1.11","To establish the recommended configuration via GP, set the following UI path to Enabled:

Computer Configuration\Policies\Administrative Templates\System\Internet Communication Management\Internet Communication settings\Turn off the Windows Messenger Customer Experience Improvement Program

Note: This Group Policy path is provided by the Group Policy template ICM.admx/adml that is included with all versions of the Microsoft Windows Administrative Templates."
"18.9.20.1.12","To establish the recommended configuration via GP, set the following UI path to Enabled:

Computer Configuration\Policies\Administrative Templates\System\Internet Communication Management\Internet Communication settings\Turn off Windows Customer Experience Improvement Program

Note: This Group Policy path is provided by the Group Policy template ICM.admx/adml that is included with all versions of the Microsoft Windows Administrative Templates."
"18.9.20.1.13","To establish the recommended configuration via GP, set the following UI path to Enabled:

Computer Configuration\Policies\Administrative Templates\System\Internet Communication Management\Internet Communication settings\Turn off Windows Error Reporting

Note: This Group Policy path is provided by the Group Policy template ICM.admx/adml that is included with all versions of the Microsoft Windows Administrative Templates."
"18.9.23.1","To establish the recommended configuration via GP, set the following UI path to Enabled: Automatic:

Computer Configuration\Policies\Administrative Templates\System\Kerberos\Support device authentication using certificate

Note: This Group Policy path may not exist by default. It is provided by the Group Policy template Kerberos.admx/adml that is included with the Microsoft Windows 10 RTM (Release 1507) Administrative Templates (or newer)."
"18.9.24.1","To establish the recommended configuration via GP, set the following UI path to Enabled: Block All:

Computer Configuration\Policies\Administrative Templates\System\Kernel DMA Protection\Enumeration policy for external devices incompatible with Kernel DMA Protection

Note: This Group Policy path may not exist by default. It is provided by the Group Policy template DmaGuard.admx/adml that is included with the Microsoft Windows 10 Release 1809 & Server 2019 Administrative Templates (or newer)."
"18.9.26.1","To establish the recommended configuration via GP, set the following UI path to Enabled: Active Directory or Enabled: Azure Active Directory:

Computer Configuration\Policies\Administrative Templates\System\LAPS\Configure password backup directory

Note: This Group Policy path may not exist by default. It is provided by the Group Policy template LAPS.admx/adml that is included with the Microsoft Windows 11 Release 22H2 Administrative Templates v3.0 (or newer)."
"18.9.26.2","To establish the recommended configuration via GP, set the following UI path to Enabled:

Computer Configuration\Policies\Administrative Templates\System\LAPS\Do not allow password expiration time longer than required by policy

Note: This Group Policy path may not exist by default. It is provided by the Group Policy template LAPS.admx/adml that is included with the Microsoft Windows 11 Release 23H2 Administrative Templates v2.0 (or newer).

Note #2: This setting also existed in the Microsoft Windows 11 Release 22H2 v3.0 and 23H2 v1.0 Administrative Templates, but it was misconfigured in those versions with the incorrect registry value. Please ensure you are using Windows 11 Release 23H2 Administrative Templates v2.0 (or newer) when configuring this setting to ensure the correct registry value is set."
"18.9.26.3","To establish the recommended configuration via GP, set the following UI path to Enabled:

Computer Configuration\Policies\Administrative Templates\System\LAPS\Enable password encryption

Note: This Group Policy path may not exist by default. It is provided by the Group Policy template LAPS.admx/adml that is included with the Microsoft Windows 11 Release 22H2 Administrative Templates v3.0 (or newer)."
"18.9.26.4","To establish the recommended configuration via GP, set the following UI path to Enabled, and configure the Password Complexity option to Large letters + small letters + numbers + special characters, Passphrase (long words), Passphrase (short words) or Passphrase (short words with unique prefixes):

Computer Configuration\Policies\Administrative Templates\System\LAPS\Password Settings

Note: This Group Policy path may not exist by default. It is provided by the Group Policy template LAPS.admx/adml that is included with the Microsoft Windows 11 Release 22H2 Administrative Templates v3.0 (or newer)."
"18.9.26.5","To establish the recommended configuration via GP, set the following UI path to Enabled, and configure the Password Length option to 15 or more:

Computer Configuration\Policies\Administrative Templates\System\LAPS\Password Settings

Note: This Group Policy path may not exist by default. It is provided by the Group Policy template LAPS.admx/adml that is included with the Microsoft Windows 11 Release 22H2 Administrative Templates v3.0 (or newer)."
"18.9.26.6","To establish the recommended configuration via GP, set the following UI path to Enabled, and configure the Password Age (Days) option to 30 or fewer:

Computer Configuration\Policies\Administrative Templates\System\LAPS\Password Settings

Note: This Group Policy path may not exist by default. It is provided by the Group Policy template LAPS.admx/adml that is included with the Microsoft Windows 11 Release 22H2 Administrative Templates v3.0 (or newer)."
"18.9.26.7","To establish the recommended configuration via GP, set the following UI path to Enabled: 8 or fewer hours, but not 0:

Computer Configuration\Policies\Administrative Templates\System\LAPS\Post- authentication actions: Grace period (hours)

Note: This Group Policy path may not exist by default. It is provided by the Group Policy template LAPS.admx/adml that is included with the Microsoft Windows 11 Release 22H2 Administrative Templates v3.0 (or newer)."
"18.9.26.8","To establish the recommended configuration via GP, set the following UI path to Enabled: Reset the password and logoff the managed account, Reset the password and reboot the device or Reset the password, logoff the managed account, and terminate any remaining processes:

Computer Configuration\Policies\Administrative Templates\System\LAPS\Post- authentication actions: Actions

Note: This Group Policy path may not exist by default. It is provided by the Group Policy template LAPS.admx/adml that is included with the Microsoft Windows 11 Release 22H2 Administrative Templates v3.0 (or newer)."
"18.9.27.1","To establish the recommended configuration via GP, set the following UI path to Disabled:

Computer Configuration\Policies\Administrative Templates\System\Local Security Authority\Allow Custom SSPs and APs to be loaded into LSASS

Note: This Group Policy path may not exist by default. It is provided by the Group Policy template LocalSecurityAuthority.admx/adml that is included with the Microsoft Windows 11 Release 22H2 Administrative Templates v1.0 (or newer)."
"18.9.27.2","To establish the recommended configuration via GP, set the following UI path to Enabled: Enabled with UEFI Lock:

Computer Configuration\Policies\Administrative Templates\System\Local Security Authority\Configures LSASS to run as a protected process

Note: This Group Policy path may not exist by default. It is provided by the Group Policy template LocalSecurityAuthority.admx/adml that is included with the Microsoft Windows 11 Release 22H2 Administrative Templates v1.0 (or newer).

Note #2: In the Microsoft Windows 11 Release 23H2 Administrative Templates, the registry location of HKLM\SYSTEM\CurrentControlSet\Control\Lsa:RunAsPPL was set for Configures LSASS to run as a protected process. This same registry location and value was also created if the setting Ensure 'LSA Protection' is set to 'Enabled' was also applied. This appears to have been a mistake in the ADMX/ADML Templates for that release.

Starting with the Microsoft Windows 11 Release 24H2 Administrative Templates, the setting Configures LSASS to run as a protected process has a new registry location of HKLM\Software\Policies\Microsoft\Windows\System. In addition, the setting LSA Protection will be displayed by GPME when this setting (Configures LSASS to run as a protected process) is configured.

If Configures LSASS to run as a protected process was configured using an older version of the ADML/ADML templates, the new registry location will not auto-apply to the system, and assessment scans using the latest benchmark might fail. To fix this issue, the ADMX/ADML templates must be updated to the latest version, the setting removed from the GPO, and then added back in.

If the Microsoft Windows 10 Benchmark is applied, LSA Protection is configured via a separate recommendation for older versions of the Windows 10 Operating System using the SecGuide.admx/adml templates. That configuration is checked for separately from this recommendation."
"18.9.28.1","To establish the recommended configuration via GP, set the following UI path to Enabled:

Computer Configuration\Policies\Administrative Templates\System\Locale Services\Disallow copying of user input methods to the system account for sign-in

Note: This Group Policy path may not exist by default. It is provided by the Group Policy template Globalization.admx/adml that is included with the Microsoft Windows 8.0 & Server 2012 (non-R2) Administrative Templates (or newer)."
"18.9.29.1","To establish the recommended configuration via GP, set the following UI path to Enabled:

Computer Configuration\Policies\Administrative Templates\System\Logon\Block user from showing account details on sign-in

Note: This Group Policy path may not exist by default. It is provided by the Group Policy template Logon.admx/adml that is included with the Microsoft Windows 10 Release 1607 & Server 2016 Administrative Templates (or newer)."
"18.9.29.2","To establish the recommended configuration via GP, set the following UI path to Enabled:

Computer Configuration\Policies\Administrative Templates\System\Logon\Do not display network selection UI

Note: This Group Policy path may not exist by default. It is provided by the Group Policy template Logon.admx/adml that is included with the Microsoft Windows 8.1 & Server 2012 R2 Administrative Templates (or newer)."
"18.9.29.3","To establish the recommended configuration via GP, set the following UI path to Enabled:

Computer Configuration\Policies\Administrative Templates\System\Logon\Do not enumerate connected users on domain-joined computers

Note: This Group Policy path may not exist by default. It is provided by the Group Policy template Logon.admx/adml that is included with the Microsoft Windows 8.0 & Server 2012 (non-R2) Administrative Templates (or newer)."
"18.9.29.4","To establish the recommended configuration via GP, set the following UI path to Disabled:

Computer Configuration\Policies\Administrative Templates\System\Logon\Enumerate local users on domain-joined computers

Note: This Group Policy path may not exist by default. It is provided by the Group Policy template Logon.admx/adml that is included with the Microsoft Windows 8.0 & Server 2012 (non-R2) Administrative Templates (or newer)."
"18.9.29.5","To establish the recommended configuration via GP, set the following UI path to Enabled:

Computer Configuration\Policies\Administrative Templates\System\Logon\Turn off app notifications on the lock screen

Note: This Group Policy path may not exist by default. It is provided by the Group Policy template Logon.admx/adml that is included with the Microsoft Windows 8.0 & Server 2012 (non-R2) Administrative Templates (or newer)."
"18.9.29.6","To establish the recommended configuration via GP, set the following UI path to Disabled:

Computer Configuration\Policies\Administrative Templates\System\Logon\Turn on convenience PIN sign-in

Note: This Group Policy path may not exist by default. It is provided by the Group Policy template CredentialProviders.admx/adml that is included with the Microsoft Windows 8.0 & Server 2012 (non-R2) Administrative Templates (or newer).

Note #2: In older Microsoft Windows Administrative Templates, this setting was initially named Turn on PIN sign-in, but it was renamed starting with the Windows 10 Release 1511 Administrative Templates."
"18.9.31.1.1","To establish the recommended configuration via GP, set the following UI path to Enabled:

Computer Configuration\Policies\Administrative Templates\System\Net Logon\DC Locator DNS Records\Block NetBIOS-based discovery for domain controller location

Note: This Group Policy path is provided by the Group Policy template Netlogon.admx/adml that is included with the Microsoft Windows 11 Release 24H2 Administrative Templates (or newer)."
"18.9.33.1","To establish the recommended configuration via GP, set the following UI path to Disabled:

Computer Configuration\Policies\Administrative Templates\System\OS Policies\Allow Clipboard synchronization across devices

Note: This Group Policy path is provided by the Group Policy template OSPolicy.admx/adml that is included with the Microsoft Windows 10 Release 1809 & Server 2019 Administrative Templates (or newer)."
"18.9.33.2","To establish the recommended configuration via GP, set the following UI path to Disabled:

Computer Configuration\Policies\Administrative Templates\System\OS Policies\Allow upload of User Activities

Note: This Group Policy path may not exist by default. It is provided by the Group Policy template OSPolicy.admx/adml that is included with the Microsoft Windows 10 Release 1803 Administrative Templates (or newer)."
"18.9.35.6.1","To establish the recommended configuration via GP, set the following UI path to Disabled:

Computer Configuration\Policies\Administrative Templates\System\Power Management\Sleep Settings\Allow network connectivity during connected-standby (on battery)

Note: This Group Policy path may not exist by default. It is provided by the Group Policy template Power.admx/adml that is included with the Microsoft Windows 10 Release 1607 & Server 2016 Administrative Templates (or newer)."
"18.9.35.6.2","To establish the recommended configuration via GP, set the following UI path to Disabled:

Computer Configuration\Policies\Administrative Templates\System\Power Management\Sleep Settings\Allow network connectivity during connected-standby (plugged in)

Note: This Group Policy path may not exist by default. It is provided by the Group Policy template Power.admx/adml that is included with the Microsoft Windows 10 Release 1607 & Server 2016 Administrative Templates (or newer)."
"18.9.35.6.3","To establish the recommended configuration via GP, set the following UI path to Enabled:

Computer Configuration\Policies\Administrative Templates\System\Power Management\Sleep Settings\Require a password when a computer wakes (on battery)

Note: This Group Policy path may not exist by default. It is provided by the Group Policy template Power.admx/adml that is included with the Microsoft Windows 8.0 & Server 2012 (non-R2) Administrative Templates (or newer)."
"18.9.35.6.4","To establish the recommended configuration via GP, set the following UI path to Enabled:

Computer Configuration\Policies\Administrative Templates\System\Power Management\Sleep Settings\Require a password when a computer wakes (plugged in)

Note: This Group Policy path may not exist by default. It is provided by the Group Policy template Power.admx/adml that is included with the Microsoft Windows 8.0 & Server 2012 (non-R2) Administrative Templates (or newer)."
"18.9.37.1","To establish the recommended configuration via GP, set the following UI path to Disabled:

Computer Configuration\Policies\Administrative Templates\System\Remote Assistance\Configure Offer Remote Assistance

Note: This Group Policy path may not exist by default. It is provided by the Group Policy template RemoteAssistance.admx/adml that is included with the Microsoft Windows 8.0 & Server 2012 (non-R2) Administrative Templates (or newer)."
"18.9.37.2","To establish the recommended configuration via GP, set the following UI path to Disabled:

Computer Configuration\Policies\Administrative Templates\System\Remote Assistance\Configure Solicited Remote Assistance

Note: This Group Policy path may not exist by default. It is provided by the Group Policy template RemoteAssistance.admx/adml that is included with the Microsoft Windows 8.0 & Server 2012 (non-R2) Administrative Templates (or newer)."
"18.9.38.1","To establish the recommended configuration via GP, set the following UI path to Enabled:

Computer Configuration\Policies\Administrative Templates\System\Remote Procedure Call\Enable RPC Endpoint Mapper Client Authentication

Note: This Group Policy path may not exist by default. It is provided by the Group Policy template RPC.admx/adml that is included with the Microsoft Windows 8.0 & Server 2012 (non-R2) Administrative Templates (or newer)."
"18.9.38.2","To establish the recommended configuration via GP, set the following UI path to Enabled: Authenticated:

Computer Configuration\Policies\Administrative Templates\System\Remote Procedure Call\Restrict Unauthenticated RPC clients

Note: This Group Policy path may not exist by default. It is provided by the Group Policy template RPC.admx/adml that is included with the Microsoft Windows 8.0 & Server 2012 (non-R2) Administrative Templates (or newer)."
"18.9.41.1","To establish the recommended configuration via GP, set the following UI path to Enabled: Block:

Computer Configuration\Policies\Administrative Templates\System\Security Account Manager\Configure validation of ROCA-vulnerable WHfB keys during authentication

Note: This Group Policy path may not exist by default. It is provided by the Group Policy template Sam.admx/adml that is included with the Microsoft Windows 11 Release 21H2 Administrative Templates (or newer)."
"18.9.41.2","To establish the recommended configuration via GP, set the following UI path to Enabled: Allow strong encryption change password RPC method only:

Computer Configuration\Policies\Administrative Templates\System\Security Account Manager\Configure SAM change password RPC methods policy

Note: This Group Policy path is provided by the Group Policy template SAM.admx/adml that is included with the Microsoft Windows 11 Release 24H2 Administrative Templates (or newer)."
"18.9.41.3","To establish the recommended configuration via GP, set the following UI path to Enabled: Block all change password RPC methods:

Computer Configuration\Policies\Administrative Templates\System\Security Account Manager\Configure SAM change password RPC methods policy

Note: This Group Policy path is provided by the Group Policy template SAM.admx/adml that is included with the Microsoft Windows 11 Release 24H2 Administrative Templates (or newer)."
"18.9.49.5.1","To establish the recommended configuration via GP, set the following UI path to Disabled:

Computer Configuration\Policies\Administrative Templates\System\Troubleshooting and Diagnostics\Microsoft Support Diagnostic Tool\Microsoft Support Diagnostic Tool: Turn on MSDT interactive communication with support provider

Note: This Group Policy path may not exist by default. It is provided by the Group Policy template MSDT.admx/adml that is included with the Microsoft Windows 8.0 & Server 2012 (non-R2) Administrative Templates (or newer)."
"18.9.49.11.1","To establish the recommended configuration via GP, set the following UI path to Disabled:

Computer Configuration\Policies\Administrative Templates\System\Troubleshooting and Diagnostics\Windows Performance PerfTrack\Enable/Disable PerfTrack

Note: This Group Policy path may not exist by default. It is provided by the Group Policy template PerformancePerftrack.admx/adml that is included with the Microsoft Windows 7 & Server 2008 R2 Administrative Templates (or newer)."
"18.9.51.1","To establish the recommended configuration via GP, set the following UI path to Enabled:

Computer Configuration\Policies\Administrative Templates\System\User Profiles\Turn off the advertising ID

Note: This Group Policy path may not exist by default. It is provided by the Group Policy template UserProfiles.admx/adml that is included with the Microsoft Windows 8.1 & Server 2012 R2 Administrative Templates (or newer)."
"18.9.53.1.1","To establish the recommended configuration via GP, set the following UI path to Enabled:

Computer Configuration\Policies\Administrative Templates\System\Windows Time Service\Time Providers\Enable Windows NTP Client

Note: This Group Policy path is provided by the Group Policy template W32Time.admx/adml that is included with all versions of the Microsoft Windows Administrative Templates."
"18.9.53.1.2","To establish the recommended configuration via GP, set the following UI path to Disabled:

Computer Configuration\Policies\Administrative Templates\System\Windows Time Service\Time Providers\Enable Windows NTP Server

Note: This Group Policy path is provided by the Group Policy template W32Time.admx/adml that is included with all versions of the Microsoft Windows Administrative Templates."
"18.10.4.1","To establish the recommended configuration via GP, set the following UI path to Disabled:

Computer Configuration\Policies\Administrative Templates\Windows Components\App Package Deployment\Allow a Windows app to share application data between users

Note: This Group Policy path may not exist by default. It is provided by the Group Policy template AppxPackageManager.admx/adml that is included with the Microsoft Windows 10 RTM (Release 1507) Administrative Templates (or newer)."
"18.10.4.2","To establish the recommended configuration via GP, set the following UI path to Enabled:

Computer Configuration\Policies\Administrative Templates\Windows Components\App Package Deployment\Not allow per-user unsigned packages to install by default (requires explicitly allow per install)

Note: This Group Policy path is provided by the Group Policy template AppxPackageManager.admx/adml that is included with the Microsoft Windows 11 Release 24H2 Administrative Templates (or newer)."
"18.10.6.1","To establish the recommended configuration via GP, set the following UI path to Enabled:

Computer Configuration\Policies\Administrative Templates\Windows Components\App runtime\Allow Microsoft accounts to be optional

Note: This Group Policy path may not exist by default. It is provided by the Group Policy template AppXRuntime.admx/adml that is included with the Microsoft Windows 8.1 & Server 2012 R2 Administrative Templates (or newer)."
"18.10.8.1","To establish the recommended configuration via GP, set the following UI path to Enabled:

Computer Configuration\Policies\Administrative Templates\Windows Components\AutoPlay Policies\Disallow Autoplay for non-volume devices

Note: This Group Policy path may not exist by default. It is provided by the Group Policy template AutoPlay.admx/adml that is included with the Microsoft Windows 8.0 & Server 2012 (non-R2) Administrative Templates (or newer)."
"18.10.8.2","To establish the recommended configuration via GP, set the following UI path to Enabled: Do not execute any autorun commands:

Computer Configuration\Policies\Administrative Templates\Windows Components\AutoPlay Policies\Set the default behavior for AutoRun

Note: This Group Policy path may not exist by default. It is provided by the Group Policy template AutoPlay.admx/adml that is included with the Microsoft Windows 8.0 & Server 2012 (non-R2) Administrative Templates (or newer)."
"18.10.8.3","To establish the recommended configuration via GP, set the following UI path to Enabled: All drives:

Computer Configuration\Policies\Administrative Templates\Windows Components\AutoPlay Policies\Turn off Autoplay

Note: This Group Policy path is provided by the Group Policy template AutoPlay.admx/adml that is included with all versions of the Microsoft Windows Administrative Templates."
"18.10.9.1.1","To establish the recommended configuration via GP, set the following UI path to Enabled:

Computer Configuration\Policies\Administrative Templates\Windows Components\Biometrics\Facial Features\Configure enhanced anti-spoofing

Note: This Group Policy path may not exist by default. It is provided by the Group Policy template Biometrics.admx/adml that is included with the Microsoft Windows 10 Release 1511 Administrative Templates (or newer).

Note #2: In the Windows 10 Release 1511 and Windows 10 Release 1607 & Server 2016 Administrative Templates, this setting was initially named Use enhanced anti- spoofing when available. It was renamed to Configure enhanced anti-spoofing starting with the Windows 10 Release 1703 Administrative Templates."
"18.10.11.1","To establish the recommended configuration via GP, set the following UI path to Disabled:

Computer Configuration\Policies\Administrative Templates\Windows Components\Camera\Allow Use of Camera

Note: This Group Policy path may not exist by default. It is provided by the Group Policy template Camera.admx/adml that is included with the Microsoft Windows 10 Release 1607 & Server 2016 Administrative Templates (or newer)."
"18.10.13.1","To establish the recommended configuration via GP, set the following UI path to Enabled:

Computer Configuration\Policies\Administrative Templates\Windows Components\Cloud Content\Turn off cloud consumer account state content

Note: This Group Policy path may not exist by default. It is provided by the Group Policy template CloudContent.admx/adml that is included with the Microsoft Windows 11 Release 21H2 Administrative Templates (or newer)."
"18.10.13.2","To establish the recommended configuration via GP, set the following UI path to Enabled:

Computer Configuration\Policies\Administrative Templates\Windows Components\Cloud Content\Turn off cloud optimized content

Note: This Group Policy path may not exist by default. It is provided by the Group Policy template CloudContent.admx/adml that is included with the Microsoft Windows 10 Release 20H2 Administrative Templates (or newer)."
"18.10.14.1","To establish the recommended configuration via GP, set the following UI path to Enabled: First Time OR Enabled: Always:

Computer Configuration\Policies\Administrative Templates\Windows Components\Connect\Require pin for pairing

Note: This Group Policy path may not exist by default. It is provided by the Group Policy template WirelessDisplay.admx/adml that is included with the Microsoft Windows 10 Release 1607 & Server 2016 Administrative Templates (or newer). The new Choose one of the following actions sub-option was later added as of the Windows 10 Release 1809 Administrative Templates. Choosing Enabled in the older templates is the equivalent of choosing Enabled: First Time in the newer templates."
"18.10.15.1","To establish the recommended configuration via GP, set the following UI path to Enabled:

Computer Configuration\Policies\Administrative Templates\Windows Components\Credential User Interface\Do not display the password reveal button

Note: This Group Policy path may not exist by default. It is provided by the Group Policy template CredUI.admx/adml that is included with the Microsoft Windows 8.0 & Server 2012 (non-R2) Administrative Templates (or newer)."
"18.10.15.2","To establish the recommended configuration via GP, set the following UI path to Disabled:

Computer Configuration\Policies\Administrative Templates\Windows Components\Credential User Interface\Enumerate administrator accounts on elevation

Note: This Group Policy path is provided by the Group Policy template CredUI.admx/adml that is included with all versions of the Microsoft Windows Administrative Templates."
"18.10.16.1","To establish the recommended configuration via GP, set the following UI path to Enabled: Diagnostic data off (not recommended) or Enabled: Send required diagnostic data:

Computer Configuration\Policies\Administrative Templates\Windows Components\Data Collection and Preview Builds\Allow Diagnostic Data

Note: This Group Policy path may not exist by default. It is provided by the Group Policy template DataCollection.admx/adml that is included with the Microsoft Windows 10 RTM (Release 1507) Administrative Templates (or newer).

Note #2: In older Microsoft Windows Administrative Templates, this setting was initially named Allow Telemetry. It was renamed to Allow Diagnostic Data starting with the Windows 11 Release 21H2 Administrative Templates."
"18.10.16.2","To establish the recommended configuration via GP, set the following UI path to Enabled: Disable Authenticated Proxy usage:

Computer Configuration\Policies\Administrative Templates\Windows Components\Data Collection and Preview Builds\Configure Authenticated Proxy usage for the Connected User Experience and Telemetry service

Note: This Group Policy path may not exist by default. It is provided by the Group Policy template DataCollection.admx/adml that is included with the Microsoft Windows 10 Release 1703 Administrative Templates (or newer)."
"18.10.16.3","To establish the recommended configuration via GP, set the following UI path to Enabled:

Computer Configuration\Policies\Administrative Templates\Windows Components\Data Collection and Preview Builds\Do not show feedback notifications

Note: This Group Policy path may not exist by default. It is provided by the Group Policy template FeedbackNotifications.admx/adml that is included with the Microsoft Windows 10 Release 1511 Administrative Templates (or newer)."
"18.10.16.4","To establish the recommended configuration via GP, set the following UI path to Enabled:

Computer Configuration\Policies\Administrative Templates\Windows Components\Data Collection and Preview Builds\Enable OneSettings Auditing

Note: This Group Policy path may not exist by default. It is provided by the Group Policy template DataCollection.admx/adml that is included with the Microsoft Windows 11 Release 21H2 Administrative Templates (or newer)."
"18.10.16.5","To establish the recommended configuration via GP, set the following UI path to Enabled:

Computer Configuration\Policies\Administrative Templates\Windows Components\Data Collection and Preview Builds\Limit Diagnostic Log Collection

Note: This Group Policy path may not exist by default. It is provided by the Group Policy template DataCollection.admx/adml that is included with the Microsoft Windows 11 Release 21H2 Administrative Templates (or newer)."
"18.10.16.6","To establish the recommended configuration via GP, set the following UI path to Enabled.

Computer Configuration\Policies\Administrative Templates\Windows Components\Data Collection and Preview Builds\Limit Dump Collection

Note: This Group Policy path may not exist by default. It is provided by the Group Policy template DataCollection.admx/adml that is included with the Microsoft Windows 11 Release 21H2 Administrative Templates (or newer)."
"18.10.18.1","To establish the recommended configuration via GP, set the following UI path to Disabled:

Computer Configuration\Policies\Administrative Templates\Windows Components\Desktop App Installer\Enable App Installer

Note: This Group Policy path may not exist by default. It is provided by the Group Policy template DesktopAppInstaller.admx/adml that is included with the Microsoft Windows 11 Release 22H2 Administrative Templates v1.0 (or newer)."
"18.10.18.2","To establish the recommended configuration via GP, set the following UI path to Disabled:

Computer Configuration\Policies\Administrative Templates\Windows Components\Desktop App Installer\Enable App Installer Experimental Features

Note: This Group Policy path may not exist by default. It is provided by the Group Policy template DesktopAppInstaller.admx/adml that is included with the Microsoft Windows 11 Release 22H2 Administrative Templates v1.0 (or newer)."
"18.10.18.3","To establish the recommended configuration via GP, set the following UI path to Disabled:

Computer Configuration\Policies\Administrative Templates\Windows Components\Desktop App Installer\Enable App Installer Hash Override

Note: This Group Policy path may not exist by default. It is provided by the Group Policy template DesktopAppInstaller.admx/adml that is included with the Microsoft Windows 11 Release 22H2 Administrative Templates v1.0 (or newer)."
"18.10.18.4","To establish the recommended configuration via GP, set the following UI path to Disabled:

Computer Configuration\Policies\Administrative Templates\Windows Components\Desktop App Installer\Enable App Installer Local Archive Malware Scan Override

Note: This Group Policy path is provided by the Group Policy template DesktopAppInstaller.admx/adml that is included with the Microsoft Windows 11 Release 24H2 Administrative Templates (or newer)."
"18.10.18.5","To establish the recommended configuration via GP, set the following UI path to Disabled:

Computer Configuration\Policies\Administrative Templates\Windows Components\Desktop App Installer\Enable App Installer ms-appinstaller protocol

Note: This Group Policy path may not exist by default. It is provided by the Group Policy template DesktopAppInstaller.admx/adml that is included with the Microsoft Windows 11 Release 22H2 Administrative Templates v1.0 (or newer)."
"18.10.18.6","To establish the recommended configuration via GP, set the following UI path to Disabled:

Computer Configuration\Policies\Administrative Templates\Windows Components\Desktop App Installer\Enable App Installer Microsoft Store Source Certificate Validation Bypass

Note: This Group Policy path is provided by the Group Policy template DesktopAppInstaller.admx/adml that is included with the Microsoft Windows 11 Release 24H2 Administrative Templates (or newer)."
"18.10.18.7","To establish the recommended configuration via GP, set the following UI path to Disabled:

Computer Configuration\Policies\Administrative Templates\Windows Components\Desktop App Installer\Enable Windows Package Manager command line interfaces

Note: This Group Policy path is provided by the Group Policy template DesktopAppInstaller.admx/adml that is included with the Microsoft Windows 11 Release 24H2 Administrative Templates (or newer)."
"18.10.26.1.1","To establish the recommended configuration via GP, set the following UI path to Disabled:

Computer Configuration\Policies\Administrative Templates\Windows Components\Event Log Service\Application\Control Event Log behavior when the log file reaches its maximum size

Note: This Group Policy path is provided by the Group Policy template EventLog.admx/adml that is included with all versions of the Microsoft Windows Administrative Templates.

Note #2: In older Microsoft Windows Administrative Templates, this setting was initially named Retain old events, but it was renamed starting with the Windows 8.0 & Server 2012 (non-R2) Administrative Templates."
"18.10.26.1.2","To establish the recommended configuration via GP, set the following UI path to Enabled: 32,768 or greater:

Computer Configuration\Policies\Administrative Templates\Windows Components\Event Log Service\Application\Specify the maximum log file size (KB)

Note: This Group Policy path is provided by the Group Policy template EventLog.admx/adml that is included with all versions of the Microsoft Windows Administrative Templates.

Note #2: In older Microsoft Windows Administrative Templates, this setting was initially named Maximum Log Size (KB), but it was renamed starting with the Windows 8.0 & Server 2012 (non-R2) Administrative Templates."
"18.10.26.2.1","To establish the recommended configuration via GP, set the following UI path to Disabled:

Computer Configuration\Policies\Administrative Templates\Windows Components\Event Log Service\Security\Control Event Log behavior when the log file reaches its maximum size

Note: This Group Policy path is provided by the Group Policy template EventLog.admx/adml that is included with all versions of the Microsoft Windows Administrative Templates.

Note #2: In older Microsoft Windows Administrative Templates, this setting was initially named Retain old events, but it was renamed starting with the Windows 8.0 & Server 2012 (non-R2) Administrative Templates."
"18.10.26.2.2","To establish the recommended configuration via GP, set the following UI path to Enabled: 196,608 or greater:

Computer Configuration\Policies\Administrative Templates\Windows Components\Event Log Service\Security\Specify the maximum log file size (KB)

Note: This Group Policy path is provided by the Group Policy template EventLog.admx/adml that is included with all versions of the Microsoft Windows Administrative Templates.

Note #2: In older Microsoft Windows Administrative Templates, this setting was initially named Maximum Log Size (KB), but it was renamed starting with the Windows 8.0 & Server 2012 (non-R2) Administrative Templates."
"18.10.26.3.1","To establish the recommended configuration via GP, set the following UI path to Disabled:

Computer Configuration\Policies\Administrative Templates\Windows Components\Event Log Service\Setup\Control Event Log behavior when the log file reaches its maximum size

Note: This Group Policy path is provided by the Group Policy template EventLog.admx/adml that is included with all versions of the Microsoft Windows Administrative Templates.

Note #2: In older Microsoft Windows Administrative Templates, this setting was initially named Retain old events, but it was renamed starting with the Windows 8.0 & Server 2012 (non-R2) Administrative Templates."
"18.10.26.3.2","To establish the recommended configuration via GP, set the following UI path to Enabled: 32,768 or greater:

Computer Configuration\Policies\Administrative Templates\Windows Components\Event Log Service\Setup\Specify the maximum log file size (KB)

Note: This Group Policy path is provided by the Group Policy template EventLog.admx/adml that is included with all versions of the Microsoft Windows Administrative Templates.

Note #2: In older Microsoft Windows Administrative Templates, this setting was initially named Maximum Log Size (KB), but it was renamed starting with the Windows 8.0 & Server 2012 (non-R2) Administrative Templates."
"18.10.26.4.1","To establish the recommended configuration via GP, set the following UI path to Disabled:

Computer Configuration\Policies\Administrative Templates\Windows Components\Event Log Service\System\Control Event Log behavior when the log file reaches its maximum size

Note: This Group Policy path is provided by the Group Policy template EventLog.admx/adml that is included with all versions of the Microsoft Windows Administrative Templates.

Note #2: In older Microsoft Windows Administrative Templates, this setting was initially named Retain old events, but it was renamed starting with the Windows 8.0 & Server 2012 (non-R2) Administrative Templates."
"18.10.26.4.2","To establish the recommended configuration via GP, set the following UI path to Enabled: 32,768 or greater:

Computer Configuration\Policies\Administrative Templates\Windows Components\Event Log Service\System\Specify the maximum log file size (KB)

Note: This Group Policy path is provided by the Group Policy template EventLog.admx/adml that is included with all versions of the Microsoft Windows Administrative Templates.

Note #2: In older Microsoft Windows Administrative Templates, this setting was initially named Maximum Log Size (KB), but it was renamed starting with the Windows 8.0 & Server 2012 (non-R2) Administrative Templates."
"18.10.29.2","To establish the recommended configuration via GP, set the following UI path to Disabled:

Computer Configuration\Policies\Administrative Templates\Windows Components\File Explorer\Do not apply the Mark of the Web tag to files copied from insecure sources

Note: This Group Policy path is provided by the Group Policy template Explorer.admx/adml that is included with the Microsoft Windows 11 Release 24H2 Administrative Templates (or newer)."
"18.10.29.3","To establish the recommended configuration via GP, set the following UI path to Disabled:

Computer Configuration\Policies\Administrative Templates\Windows Components\File Explorer\Turn off Data Execution Prevention for Explorer

Note: This Group Policy path may not exist by default. It is provided by the Group Policy template Explorer.admx/adml that is included with the Microsoft Windows 7 & Server 2008 R2 Administrative Templates (or newer)."
"18.10.29.4","To establish the recommended configuration via GP, set the following UI path to Disabled:

Computer Configuration\Policies\Administrative Templates\Windows Components\File Explorer\Turn off heap termination on corruption

Note: This Group Policy path is provided by the Group Policy template Explorer.admx/adml that is included with all versions of the Microsoft Windows Administrative Templates."
"18.10.29.5","To establish the recommended configuration via GP, set the following UI path to Disabled:

Computer Configuration\Policies\Administrative Templates\Windows Components\File Explorer\Turn off shell protocol protected mode

Note: This Group Policy path is provided by the Group Policy template WindowsExplorer.admx/adml that is included with all versions of the Microsoft Windows Administrative Templates."
"18.10.36.1","To establish the recommended configuration via GP, set the following UI path to Enabled:

Computer Configuration\Policies\Administrative Templates\Windows Components\Location and Sensors\Turn off location

Note: This Group Policy path may not exist by default. It is provided by the Group Policy template Sensors.admx/adml that is included with the Microsoft Windows 7 & Server 2008 R2 Administrative Templates (or newer)."
"18.10.40.1","To establish the recommended configuration via GP, set the following UI path to Disabled:

Computer Configuration\Policies\Administrative Templates\Windows Components\Messaging\Allow Message Service Cloud Sync

Note: This Group Policy path may not exist by default. It is provided by the Group Policy template Messaging.admx/adml that is included with the Microsoft Windows 10 Release 1709 Administrative Templates (or newer)."
"18.10.41.1","To establish the recommended configuration via GP, set the following UI path to Enabled:

Computer Configuration\Policies\Administrative Templates\Windows Components\Microsoft accounts\Block all consumer Microsoft account user authentication

Note: This Group Policy path may not exist by default. It is provided by the Group Policy template MSAPolicy.admx/adml that is included with the Microsoft Windows 10 Release 1703 Administrative Templates (or newer)."
"18.10.42.4.1","To establish the recommended configuration via GP, set the following UI path to Enabled:

Computer Configuration\Policies\Administrative Templates\Windows Components\Microsoft Defender Antivirus\Features\Enable EDR in block mode

Note: This Group Policy path is provided by the Group Policy template WindowsDefender.admx/adml that is included with the Microsoft Windows 11 Release 24H2 Administrative Templates (or newer)."
"18.10.42.5.1","To establish the recommended configuration via GP, set the following UI path to Disabled:

Computer Configuration\Policies\Administrative Templates\Windows Components\Microsoft Defender Antivirus\MAPS\Configure local setting override for reporting to Microsoft MAPS

Note: This Group Policy path may not exist by default. It is provided by the Group Policy template WindowsDefender.admx/adml that is included with the Microsoft Windows 8.1 & Server 2012 R2 Administrative Templates (or newer)."
"18.10.42.5.2","To establish the recommended configuration via GP, set the following UI path to Enabled: Advanced:

Computer Configuration\Policies\Administrative Templates\Windows Components\Microsoft Defender Antivirus\MAPS\Join Microsoft MAPS

Note: This Group Policy path is provided by the Group Policy template WindowsDefender.admx/adml that is included with the Microsoft Windows 8.1 & Server 2012 R2 Administrative Templates (or newer)."
"18.10.42.6.1.1","To establish the recommended configuration via GP, set the following UI path to Enabled:

Computer Configuration\Policies\Administrative Templates\Windows Components\Microsoft Defender Antivirus\Microsoft Defender Exploit Guard\Attack Surface Reduction\Configure Attack Surface Reduction rules

Note: This Group Policy path may not exist by default. It is provided by the Group Policy template WindowsDefender.admx/adml that is included with the Microsoft Windows 10 Release 1709 Administrative Templates (or newer)."
"18.10.42.6.1.2","To establish the recommended configuration via GP, set the following UI path so that 26190899-1602-49e8-8b27-eb1d0a1ce869, 3b576869-a4ec-4529-8536- b80a7769e899, 56a863a9-875e-4185-98a7-b882c64b5ce5, 5beb7efe-fd9a-4556- 801d-275e5ffc04cc, 75668c1f-73b5-4cf0-bb93-3ecf5cb7cc84, 7674ba52-37eb- 4a4f-a9a1-f0f9a1619a2c, 9e6c4e1f-7d60-472f-ba1a-a39ef669e4b2, b2b3f03d- 6a65-4f7b-a9c7-1c7ef74a9ba4, be9ba2d9-53ea-4cdc-84e5-9b1eeee46550, d3e037e1-3eb8-44c8-a917-57927947596d, d4f940ab-401b-4efc-aadc- ad5f3c50688a, and e6db77e5-3df2-4cf1-b95a-636979351e5b are each set to a value of 1:

Computer Configuration\Policies\Administrative Templates\Windows Components\Microsoft Defender Antivirus\Microsoft Defender Exploit Guard\Attack Surface Reduction\Configure Attack Surface Reduction rules: Set the state for each ASR rule

Note: This Group Policy path may not exist by default. It is provided by the Group Policy template WindowsDefender.admx/adml that is included with the Microsoft Windows 10 Release 1709 Administrative Templates (or newer)."
"18.10.42.6.3.1","To establish the recommended configuration via GP, set the following UI path to Enabled: Block:

Computer Configuration\Policies\Administrative Templates\Windows Components\Microsoft Defender Antivirus\Microsoft Defender Exploit Guard\Network Protection\Prevent users and apps from accessing dangerous websites

Note: This Group Policy path may not exist by default. It is provided by the Group Policy template WindowsDefender.admx/adml that is included with the Microsoft Windows 10 Release 1709 Administrative Templates (or newer)."
"18.10.42.7.1","To establish the recommended configuration via GP, set the following UI path to Enabled:

Computer Configuration\Policies\Administrative Templates\Windows Components\Microsoft Defender Antivirus\MpEngine\Enable file hash computation feature

Note: This Group Policy path may not exist by default. It is provided by the Group Policy template WindowsDefender.admx/adml that is included with the Microsoft Windows 10 Release 2004 Administrative Templates (or newer)."
"18.10.42.8.1","To establish the recommended configuration via GP, set the following UI path to Enabled:

Computer Configuration\Administrative Templates\Windows Components\Microsoft Defender Antivirus\Network Inspection System\Convert warn verdict to block

Note: This Group Policy path is provided by the Group Policy template WindowsDefender.admx/adml that is included with the Microsoft Windows 11 Release 24H2 Administrative Templates (or newer)."
"18.10.42.10.1","To establish the recommended configuration via GP, set the following UI path to Enabled:

Computer Configuration\Policies\Administrative Templates\Windows Components\Microsoft Defender Antivirus\Real-Time Protection\Configure real- time protection and Security Intelligence Updates during OOBE

Note: This Group Policy path is provided by the Group Policy template WindowsDefender.admx/adml that is included with the Microsoft Windows 11 Release 24H2 Administrative Templates (or newer)."
"18.10.42.10.2","To establish the recommended configuration via GP, set the following UI path to Enabled:

Computer Configuration\Policies\Administrative Templates\Windows Components\Microsoft Defender Antivirus\Real-Time Protection\Scan all downloaded files and attachments

Note: This Group Policy path may not exist by default. It is provided by the Group Policy template WindowsDefender.admx/adml that is included with the Microsoft Windows 8.1 & Server 2012 R2 Administrative Templates (or newer)."
"18.10.42.10.3","To establish the recommended configuration via GP, set the following UI path to Disabled:

Computer Configuration\Policies\Administrative Templates\Windows Components\Microsoft Defender Antivirus\Real-Time Protection\Turn off real- time protection

Note: This Group Policy path may not exist by default. It is provided by the Group Policy template WindowsDefender.admx/adml that is included with the Microsoft Windows 8.1 & Server 2012 R2 Administrative Templates (or newer)."
"18.10.42.10.4","To establish the recommended configuration via GP, set the following UI path to Enabled:

Computer Configuration\Policies\Administrative Templates\Windows Components\Microsoft Defender Antivirus\Real-Time Protection\Turn on behavior monitoring

Note: This Group Policy path may not exist by default. It is provided by the Group Policy template WindowsDefender.admx/adml that is included with the Microsoft Windows 8.1 & Server 2012 R2 Administrative Templates (or newer)."
"18.10.42.10.5","To establish the recommended configuration via GP, set the following UI path to Enabled:

Computer Configuration\Policies\Administrative Templates\Windows Components\Microsoft Defender Antivirus\Real-Time Protection\Turn on script scanning

Note: This Group Policy path may not exist by default. It is provided by the Group Policy template WindowsDefender.admx/adml that is included with the Microsoft Windows 11 Release 21H2 Administrative Templates (or newer)."
"18.10.42.11.1.1.1","To establish the recommended configuration via GP, set the following UI path to Enabled: Medium or Enabled: High:

Computer Configuration\Policies\Administrative Templates\Windows Components\Microsoft Defender Antivirus\Remediation\Behavioral Network Blocks\Brute-Force Protection\Configure Brute-Force Protection aggressiveness

Note: This Group Policy path is provided by the Group Policy template WindowsDefender.admx/adml that is included with the Microsoft Windows 11 Release 24H2 Administrative Templates (or newer)."
"18.10.42.11.1.1.2","To establish the recommended configuration via GP, set the following UI path to Enabled: Audit or Enabled: Block:

Computer Configuration\Policies\Administrative Templates\Windows Components\Microsoft Defender Antivirus\Remediation\Behavioral Network Blocks\Brute-Force Protection\Configure Remote Encryption Protection Mode

Note: This Group Policy path is provided by the Group Policy template WindowsDefender.admx/adml that is included with the Microsoft Windows 11 Release 24H2 Administrative Templates (or newer)."
"18.10.42.11.1.2.1","To establish the recommended configuration via GP, set the following UI path to Enabled: Medium or Enabled: High:

Computer Configuration\Policies\Administrative Templates\Windows Components\Microsoft Defender Antivirus\Remediation\Behavioral Network Blocks\Remote Encryption Protection\Configure how aggressively Remote Encryption Protection blocks threats

Note: This Group Policy path is provided by the Group Policy template WindowsDefender.admx/adml that is included with the Microsoft Windows 11 Release 24H2 Administrative Templates (or newer)."
"18.10.42.12.1","To establish the recommended configuration via GP, set the following UI path to Disabled:

Computer Configuration\Policies\Administrative Templates\Windows Components\Microsoft Defender Antivirus\Reporting\Configure Watson events

Note: This Group Policy path may not exist by default. It is provided by the Group Policy template WindowsDefender.admx/adml that is included with the Microsoft Windows 8.1 & Server 2012 R2 Administrative Templates (or newer)."
"18.10.42.13.1","To establish the recommended configuration via GP, set the following UI path to Enabled: 1:

Computer Configuration\Policies\Administrative Templates\Windows Components\Microsoft Defender Antivirus\Scan\Scan excluded files and directories during quick scans

Note: This Group Policy path is provided by the Group Policy template WindowsDefender.admx/adml that is included with the Microsoft Windows 11 Release 24H2 Administrative Templates (or newer)."
"18.10.42.13.2","To establish the recommended configuration via GP, set the following UI path to Enabled:

Computer Configuration\Policies\Administrative Templates\Windows Components\Microsoft Defender Antivirus\Scan\Scan packed executables

Note: This Group Policy path is provided by the Group Policy template WindowsDefender.admx/adml that is included with the Microsoft Windows 8.1 and Server 2012 R2 Administrative Templates (or newer)."
"18.10.42.13.3","To establish the recommended configuration via GP, set the following UI path to Enabled:

Computer Configuration\Policies\Administrative Templates\Windows Components\Microsoft Defender Antivirus\Scan\Scan removable drives

Note: This Group Policy path may not exist by default. It is provided by the Group Policy template WindowsDefender.admx/adml that is included with the Microsoft Windows 8.1 & Server 2012 R2 Administrative Templates (or newer)."
"18.10.42.13.4","To establish the recommended configuration via GP, set the following UI path to Enabled: 7 days:

Computer Configuration\Policies\Administrative Templates\Windows Components\Microsoft Defender Antivirus\Scan\Trigger a quick scan after X days without any scans

Note: This Group Policy path is provided by the Group Policy template WindowsDefender.admx/adml that is included with the Microsoft Windows 11 Release 24H2 Administrative Templates (or newer)."
"18.10.42.13.5","To establish the recommended configuration via GP, set the following UI path to Enabled:

Computer Configuration\Policies\Administrative Templates\Windows Components\Microsoft Defender Antivirus\Scan\Turn on e-mail scanning

Note: This Group Policy path may not exist by default. It is provided by the Group Policy template WindowsDefender.admx/adml that is included with the Microsoft Windows 8.1 & Server 2012 R2 Administrative Templates (or newer)."
"18.10.42.16","To establish the recommended configuration via GP, set the following UI path to Enabled: Block:

Computer Configuration\Policies\Administrative Templates\Windows Components\Microsoft Defender Antivirus\Configure detection for potentially unwanted applications

Note: This Group Policy path is provided by the Group Policy template WindowsDefender.admx/adml that is included with the Microsoft Windows 10 Release 1809 & Server 2019 Administrative Templates (or newer)."
"18.10.42.17","To establish the recommended configuration via GP, set the following UI path to Enabled:

Computer Configuration\Policies\Administrative Templates\Windows Components\Microsoft Defender Antivirus\Control whether exclusions are visible to local users

Note: This Group Policy path is provided by the Group Policy template WindowsDefender.admx/adml that is included with the Microsoft Windows 11 Release 24H2 Administrative Templates (or newer)."
"18.10.56.1","To establish the recommended configuration via GP, set the following UI path to Enabled:

Computer Configuration\Policies\Administrative Templates\Windows Components\Push to Install\Turn off Push To Install service

Note: This Group Policy path may not exist by default. It is provided by the Group Policy template PushToInstall.admx/adml that is included with the Microsoft Windows 10 Release 1709 Administrative Templates (or newer)."
"18.10.57.2.2","To establish the recommended configuration via GP, set the following UI path to Enabled:

Computer Configuration\Policies\Administrative Templates\Windows Components\Remote Desktop Services\Remote Desktop Connection Client\Do not allow passwords to be saved

Note: This Group Policy path is provided by the Group Policy template TerminalServer.admx/adml that is included with all versions of the Microsoft Windows Administrative Templates."
"18.10.57.3.2.1","To establish the recommended configuration via GP, set the following UI path to Enabled:

Computer Configuration\Policies\Administrative Templates\Windows Components\Remote Desktop Services\Remote Desktop Session Host\Connections\Restrict Remote Desktop Services users to a single Remote Desktop Services session

Note: This Group Policy path is provided by the Group Policy template TerminalServer.admx/adml that is included with all versions of the Microsoft Windows Administrative Templates.

Note #2: In older Microsoft Windows Administrative Templates, this setting was named Restrict Terminal Services users to a single remote session, but it was renamed starting with the Windows 7 & Server 2008 R2 Administrative Templates."
"18.10.57.3.3.1","To establish the recommended configuration via GP, set the following UI path to Disabled:

Computer Configuration\Administrative Templates\Windows Components\Remote Desktop Services\Remote Desktop Session Host\Device and Resource Redirection\Allow UI Automation redirection

Note: This Group Policy path may not exist by default. It is provided by the Group Policy template TerminalServer.admx/adml that is included with the Microsoft Windows 10 Release 21H2 Administrative Templates (or newer)."
"18.10.57.3.3.2","To establish the recommended configuration via GP, set the following UI path to Enabled:

Computer Configuration\Policies\Administrative Templates\Windows Components\Remote Desktop Services\Remote Desktop Session Host\Device and Resource Redirection\Do not allow COM port redirection

Note: This Group Policy path is provided by the Group Policy template TerminalServer.admx/adml that is included with all versions of the Microsoft Windows Administrative Templates."
"18.10.57.3.3.3","To establish the recommended configuration via GP, set the following UI path to Enabled:

Computer Configuration\Policies\Administrative Templates\Windows Components\Remote Desktop Services\Remote Desktop Session Host\Device and Resource Redirection\Do not allow drive redirection

Note: This Group Policy path is provided by the Group Policy template TerminalServer.admx/adml that is included with all versions of the Microsoft Windows Administrative Templates."
"18.10.57.3.3.4","To establish the recommended configuration via GP, set the following UI path to Enabled:

Computer Configuration\Administrative Templates\Windows Components\Remote Desktop Services\Remote Desktop Session Host\Device and Resource Redirection\Do not allow location redirection

Note: This Group Policy path may not exist by default. It is provided by the Group Policy template TerminalServer.admx/adml that is included with the Microsoft Windows 10 Release 21H2 Administrative Templates (or newer)."
"18.10.57.3.3.5","To establish the recommended configuration via GP, set the following UI path to Enabled:

Computer Configuration\Policies\Administrative Templates\Windows Components\Remote Desktop Services\Remote Desktop Session Host\Device and Resource Redirection\Do not allow LPT port redirection

Note: This Group Policy path is provided by the Group Policy template TerminalServer.admx/adml that is included with all versions of the Microsoft Windows Administrative Templates."
"18.10.57.3.3.6","To establish the recommended configuration via GP, set the following UI path to Enabled:

Computer Configuration\Policies\Administrative Templates\Windows Components\Remote Desktop Services\Remote Desktop Session Host\Device and Resource Redirection\Do not allow supported Plug and Play device redirection

Note: This Group Policy path is provided by the Group Policy template TerminalServer.admx/adml that is included with all versions of the Microsoft Windows Administrative Templates."
"18.10.57.3.3.7","To establish the recommended configuration via GP, set the following UI path to Enabled:

Computer Configuration\Policies\Administrative Templates\Windows Components\Remote Desktop Services\Remote Desktop Session Host\Device and Resource Redirection\Do not allow WebAuthn redirection

Note: This Group Policy path is provided by the Group Policy template TerminalServer.admx/adml that is included with the Microsoft Windows 11 Release 22H2 Administrative Templates v1.0 (or newer)."
"18.10.57.3.3.8","To establish the recommended configuration via GP, set the following UI path to Enabled: Disable clipboard transfers from server to client:

Computer Configuration\Policies\Administrative Templates\Windows Components\Remote Desktop Services\Remote Desktop Session Host\Device and Resource Redirection\Restrict clipboard transfer from server to client

Note: This Group Policy path is provided by the Group Policy template TerminalServer.admx/adml that is included with the Microsoft Windows 11 Release 23H2 v2.0 Administrative Templates (or newer)."
"18.10.57.3.9.1","To establish the recommended configuration via GP, set the following UI path to Enabled:

Computer Configuration\Policies\Administrative Templates\Windows Components\Remote Desktop Services\Remote Desktop Session Host\Security\Always prompt for password upon connection

Note: This Group Policy path is provided by the Group Policy template TerminalServer.admx/adml that is included with all versions of the Microsoft Windows Administrative Templates.

Note #2: In the Microsoft Windows Vista Administrative Templates, this setting was named Always prompt client for password upon connection, but it was renamed starting with the Windows Server 2008 (non-R2) Administrative Templates."
"18.10.57.3.9.2","To establish the recommended configuration via GP, set the following UI path to Enabled:

Computer Configuration\Policies\Administrative Templates\Windows Components\Remote Desktop Services\Remote Desktop Session Host\Security\Require secure RPC communication

Note: This Group Policy path is provided by the Group Policy template TerminalServer.admx/adml that is included with all versions of the Microsoft Windows Administrative Templates."
"18.10.57.3.9.3","To establish the recommended configuration via GP, set the following UI path to Enabled: SSL:

Computer Configuration\Policies\Administrative Templates\Windows Components\Remote Desktop Services\Remote Desktop Session Host\Security\Require use of specific security layer for remote (RDP) connections

Note: This Group Policy path is provided by the Group Policy template TerminalServer.admx/adml that is included with all versions of the Microsoft Windows Administrative Templates."
"18.10.57.3.9.4","To establish the recommended configuration via GP, set the following UI path to Enabled:

Computer Configuration\Policies\Administrative Templates\Windows Components\Remote Desktop Services\Remote Desktop Session Host\Security\Require user authentication for remote connections by using Network Level Authentication

Note: This Group Policy path is provided by the Group Policy template TerminalServer.admx/adml that is included with all versions of the Microsoft Windows Administrative Templates.

Note #2: In the Microsoft Windows Vista Administrative Templates, this setting was initially named Require user authentication using RDP 6.0 for remote connections, but it was renamed starting with the Windows Server 2008 (non-R2) Administrative Templates."
"18.10.57.3.9.5","To establish the recommended configuration via GP, set the following UI path to Enabled: High Level:

Computer Configuration\Policies\Administrative Templates\Windows Components\Remote Desktop Services\Remote Desktop Session Host\Security\Set client connection encryption level

Note: This Group Policy path is provided by the Group Policy template TerminalServer.admx/adml that is included with all versions of the Microsoft Windows Administrative Templates."
"18.10.57.3.10.1","To establish the recommended configuration via GP, set the following UI path to Enabled: 15 minutes or less, but not Never (0):

Computer Configuration\Policies\Administrative Templates\Windows Components\Remote Desktop Services\Remote Desktop Session Host\Session Time Limits\Set time limit for active but idle Remote Desktop Services sessions

Note: This Group Policy path is provided by the Group Policy template TerminalServer.admx/adml that is included with all versions of the Microsoft Windows Administrative Templates.

Note #2: In older Microsoft Windows Administrative Templates, this setting was named Set time limit for active but idle Terminal Services sessions, but it was renamed starting with the Windows 7 & Server 2008 R2 Administrative Templates."
"18.10.57.3.10.2","To establish the recommended configuration via GP, set the following UI path to Enabled: 1 minute:

Computer Configuration\Policies\Administrative Templates\Windows Components\Remote Desktop Services\Remote Desktop Session Host\Session Time Limits\Set time limit for disconnected sessions

Note: This Group Policy path is provided by the Group Policy template TerminalServer.admx/adml that is included with all versions of the Microsoft Windows Administrative Templates."
"18.10.57.3.11.1","To establish the recommended configuration via GP, set the following UI path to Disabled:

Computer Configuration\Policies\Administrative Templates\Windows Components\Remote Desktop Services\Remote Desktop Session Host\Temporary Folders\Do not delete temp folders upon exit

Note: This Group Policy path is provided by the Group Policy template TerminalServer.admx/adml that is included with all versions of the Microsoft Windows Administrative Templates.

Note #2: In older Microsoft Windows Administrative Templates, this setting was named Do not delete temp folder upon exit, but it was renamed starting with the Windows 8.0 & Server 2012 (non-R2) Administrative Templates."
"18.10.57.3.11.2","To establish the recommended configuration via GP, set the following UI path to Disabled:

Computer Configuration\Policies\Administrative Templates\Windows Components\Remote Desktop Services\Remote Desktop Session Host\Temporary Folders\Do not use temporary folders per session

Note: This Group Policy path is provided by the Group Policy template TerminalServer.admx/adml that is included with all versions of the Microsoft Windows Administrative Templates."
"18.10.58.1","To establish the recommended configuration via GP, set the following UI path to Enabled:

Computer Configuration\Policies\Administrative Templates\Windows Components\RSS Feeds\Prevent downloading of enclosures

Note: This Group Policy path is provided by the Group Policy template InetRes.admx/adml that is included with all versions of the Microsoft Windows Administrative Templates.

Note #2: In older Microsoft Windows Administrative Templates, this setting was named Turn off downloading of enclosures, but it was renamed starting with the Windows 8.0 & Server 2012 (non-R2) Administrative Templates."
"18.10.59.2","To establish the recommended configuration via GP, set the following UI path to Enabled: Disable Cloud Search:

Computer Configuration\Policies\Administrative Templates\Windows Components\Search\Allow Cloud Search

Note: This Group Policy path may not exist by default. It is provided by the Group Policy template Search.admx/adml that is included with the Microsoft Windows 10 Release 1709 Administrative Templates (or newer)."
"18.10.59.3","To establish the recommended configuration via GP, set the following UI path to Disabled:

Computer Configuration\Policies\Administrative Templates\Windows Components\Search\Allow indexing of encrypted files

Note: This Group Policy path is provided by the Group Policy template Search.admx/adml that is included with all versions of the Microsoft Windows Administrative Templates."
"18.10.59.4","To establish the recommended configuration via GP, set the following UI path to Disabled:

Computer Configuration\Policies\Administrative Templates\Windows Components\Search\Allow search highlights

Note: This Group Policy path may not exist by default. It is provided by the Group Policy template Search.admx/adml that is included with the Microsoft Windows 10 Release 21H2 Administrative Templates (or newer)."
"18.10.63.1","To establish the recommended configuration via GP, set the following UI path to Enabled:

Computer Configuration\Policies\Administrative Templates\Windows Components\Software Protection Platform\Turn off KMS Client Online AVS Validation

Note: This Group Policy path may not exist by default. It is provided by the Group Policy template AVSValidationGP.admx/adml that is included with the Microsoft Windows 10 RTM (Release 1507) Administrative Templates (or newer)."
"18.10.77.2.1","To establish the recommended configuration via GP, set the following UI path to Enabled: Warn and prevent bypass:

Computer Configuration\Policies\Administrative Templates\Windows Components\Windows Defender SmartScreen\Explorer\Configure Windows Defender SmartScreen

Note: This Group Policy path may not exist by default. It is provided by the Group Policy template WindowsExplorer.admx/adml that is included with the Microsoft Windows 8.0 & Server 2012 (non-R2) Administrative Templates (or newer).

Note #2: In older Microsoft Windows Administrative Templates, this setting was initially named Configure Windows SmartScreen, but it was renamed starting with the Windows 10 Release 1703 Administrative Templates."
"18.10.81.1","To establish the recommended configuration via GP, set the following UI path to Disabled:

Computer Configuration\Policies\Administrative Templates\Windows Components\Windows Ink Workspace\Allow suggested apps in Windows Ink Workspace

Note: This Group Policy path may not exist by default. It is provided by the Group Policy template WindowsInkWorkspace.admx/adml that is included with the Microsoft Windows 10 Release 1607 & Server 2016 Administrative Templates (or newer)."
"18.10.81.2","To establish the recommended configuration via GP, set the following UI path to Enabled: On, but disallow access above lock OR Enabled: Disabled:

Computer Configuration\Policies\Administrative Templates\Windows Components\Windows Ink Workspace\Allow Windows Ink Workspace

Note: This Group Policy path may not exist by default. It is provided by the Group Policy template WindowsInkWorkspace.admx/adml that is included with the Microsoft Windows 10 Release 1607 & Server 2016 Administrative Templates (or newer)."
"18.10.82.1","To establish the recommended configuration via GP, set the following UI path to Disabled:

Computer Configuration\Policies\Administrative Templates\Windows Components\Windows Installer\Allow user control over installs

Note: This Group Policy path is provided by the Group Policy template MSI.admx/adml that is included with all versions of the Microsoft Windows Administrative Templates.

Note #2: In older Microsoft Windows Administrative Templates, this setting was named Enable user control over installs, but it was renamed starting with the Windows 8.0 & Server 2012 (non-R2) Administrative Templates."
"18.10.82.2","To establish the recommended configuration via GP, set the following UI path to Disabled:

Computer Configuration\Policies\Administrative Templates\Windows Components\Windows Installer\Always install with elevated privileges

Note: This Group Policy path is provided by the Group Policy template MSI.admx/adml that is included with all versions of the Microsoft Windows Administrative Templates."
"18.10.82.3","To establish the recommended configuration via GP, set the following UI path to Disabled:

Computer Configuration\Policies\Administrative Templates\Windows Components\Windows Installer\Prevent Internet Explorer security prompt for Windows Installer scripts

Note: This Group Policy path is provided by the Group Policy template MSI.admx/adml that is included with all versions of the Microsoft Windows Administrative Templates.

Note #2: In older Microsoft Windows Administrative Templates, this setting was initially named Disable IE security prompt for Windows Installer scripts, but it was renamed starting with the Windows 8.0 & Server 2012 (non-R2) Administrative Templates."
"18.10.83.1","To establish the recommended configuration via GP, set the following UI path to Disabled:

Computer Configuration\Policies\Administrative Templates\Windows Components\Windows Logon Options\Configure the transmission of the user's password in the content of MPR notifications sent by winlogon.

Note: This Group Policy path may not exist by default. It is provided by the Group Policy template WinLogon.admx/adml that is included with the Microsoft Windows 11 Release 22H2 Administrative Templates v1.0 (or newer).

Note #2: In older Microsoft Windows Administrative Templates, this setting was initially named Enable MPR notifications for the system, but it was renamed starting with the Windows 11 Release 22H2 Administrative Templates."
"18.10.83.2","To establish the recommended configuration via GP, set the following UI path to Disabled:

Computer Configuration\Policies\Administrative Templates\Windows Components\Windows Logon Options\Sign-in and lock last interactive user automatically after a restart

Note: This Group Policy path may not exist by default. It is provided by the Group Policy template WinLogon.admx/adml that is included with the Microsoft Windows 8.1 & Server 2012 R2 Administrative Templates (or newer).

Note #2: In older Microsoft Windows Administrative Templates, this setting was initially named Sign-in last interactive user automatically after a system-initiated restart, but it was renamed starting with the Windows 10 Release 1903 Administrative Templates."
"18.10.88.1","To establish the recommended configuration via GP, set the following UI path to Enabled:

Computer Configuration\Policies\Administrative Templates\Windows Components\Windows PowerShell\Turn on PowerShell Script Block Logging

Note: This Group Policy path may not exist by default. It is provided by the Group Policy template PowerShellExecutionPolicy.admx/adml that is included with the Microsoft Windows 10 RTM (Release 1507) Administrative Templates (or newer)."
"18.10.88.2","To establish the recommended configuration via GP, set the following UI path to Enabled:

Computer Configuration\Policies\Administrative Templates\Windows Components\Windows PowerShell\Turn on PowerShell Transcription

Note: This Group Policy path may not exist by default. It is provided by the Group Policy template PowerShellExecutionPolicy.admx/adml that is included with the Microsoft Windows 10 RTM (Release 1507) Administrative Templates (or newer)."
"18.10.90.1.1","To establish the recommended configuration via GP, set the following UI path to Disabled:

Computer Configuration\Policies\Administrative Templates\Windows Components\Windows Remote Management (WinRM)\WinRM Client\Allow Basic authentication

Note: This Group Policy path is provided by the Group Policy template WindowsRemoteManagement.admx/adml that is included with all versions of the Microsoft Windows Administrative Templates."
"18.10.90.1.2","To establish the recommended configuration via GP, set the following UI path to Disabled:

Computer Configuration\Policies\Administrative Templates\Windows Components\Windows Remote Management (WinRM)\WinRM Client\Allow unencrypted traffic

Note: This Group Policy path is provided by the Group Policy template WindowsRemoteManagement.admx/adml that is included with all versions of the Microsoft Windows Administrative Templates."
"18.10.90.1.3","To establish the recommended configuration via GP, set the following UI path to Enabled:

Computer Configuration\Policies\Administrative Templates\Windows Components\Windows Remote Management (WinRM)\WinRM Client\Disallow Digest authentication

Note: This Group Policy path is provided by the Group Policy template WindowsRemoteManagement.admx/adml that is included with all versions of the Microsoft Windows Administrative Templates."
"18.10.90.2.1","To establish the recommended configuration via GP, set the following UI path to Disabled:

Computer Configuration\Policies\Administrative Templates\Windows Components\Windows Remote Management (WinRM)\WinRM Service\Allow Basic authentication

Note: This Group Policy path is provided by the Group Policy template WindowsRemoteManagement.admx/adml that is included with all versions of the Microsoft Windows Administrative Templates."
"18.10.90.2.2","To establish the recommended configuration via GP, set the following UI path to Disabled:

Computer Configuration\Administrative Templates\Windows Components\Windows Remote Management (WinRM)\WinRM Service\Allow remote server management through WinRM

Note: This Group Policy path is provided by the Group Policy template WindowsRemoteManagement.admx/adml that is included with all versions of the Microsoft Windows Administrative Templates.

Note #2: In older Microsoft Windows Administrative Templates, this setting was initially named Allow automatic configuration of listeners, but it was renamed starting with the Windows 8.0 & Server 2012 (non-R2) Administrative Templates."
"18.10.90.2.3","To establish the recommended configuration via GP, set the following UI path to Disabled:

Computer Configuration\Policies\Administrative Templates\Windows Components\Windows Remote Management (WinRM)\WinRM Service\Allow unencrypted traffic

Note: This Group Policy path is provided by the Group Policy template WindowsRemoteManagement.admx/adml that is included with all versions of the Microsoft Windows Administrative Templates."
"18.10.90.2.4","To establish the recommended configuration via GP, set the following UI path to Enabled:

Computer Configuration\Policies\Administrative Templates\Windows Components\Windows Remote Management (WinRM)\WinRM Service\Disallow WinRM from storing RunAs credentials

Note: This Group Policy path may not exist by default. It is provided by the Group Policy template WindowsRemoteManagement.admx/adml that is included with the Microsoft Windows 8.0 & Server 2012 (non-R2) Administrative Templates (or newer)."
"18.10.91.1","To establish the recommended configuration via GP, set the following UI path to Disabled:

Computer Configuration\Policies\Administrative Templates\Windows Components\Windows Remote Shell\Allow Remote Shell Access

Note: This Group Policy path is provided by the Group Policy template WindowsRemoteShell.admx/adml that is included with all versions of the Microsoft Windows Administrative Templates."
"18.10.93.2.1","To establish the recommended configuration via GP, set the following UI path to Enabled:

Computer Configuration\Policies\Administrative Templates\Windows Components\Windows Security\App and browser protection\Prevent users from modifying settings

Note: This Group Policy path may not exist by default. It is provided by the Group Policy template WindowsDefenderSecurityCenter.admx/adml that is included with the Microsoft Windows 10 Release 1709 Administrative Templates (or newer)."
"18.10.94.1.1","To establish the recommended configuration via GP, set the following UI path to Disabled:

Computer Configuration\Policies\Administrative Templates\Windows Components\Windows Update\Legacy Policies\No auto-restart with logged on users for scheduled automatic updates installations

Note: This Group Policy path is provided by the Group Policy template WindowsUpdate.admx/adml that is included with all versions of the Microsoft Windows Administrative Templates.

Note #2: In older Microsoft Windows Administrative Templates, this setting was initially named No auto-restart for scheduled Automatic Updates installations, but it was renamed starting with the Windows 7 & Server 2008 R2 Administrative Templates."
"18.10.94.2.1","To establish the recommended configuration via GP, set the following UI path to Enabled:

Computer Configuration\Policies\Administrative Templates\Windows Components\Windows Update\Manage end user experience\Configure Automatic Updates

Note: This Group Policy path is provided by the Group Policy template WindowsUpdate.admx/adml that is included with all versions of the Microsoft Windows Administrative Templates."
"18.10.94.2.2","To establish the recommended configuration via GP, set the following UI path to 0 - Every day:

Computer Configuration\Policies\Administrative Templates\Windows Components\Windows Update\Manage end user experience\Configure Automatic Updates: Scheduled install day

Note: This Group Policy path is provided by the Group Policy template WindowsUpdate.admx/adml that is included with all versions of the Microsoft Windows Administrative Templates."
"18.10.94.4.1","To establish the recommended configuration via GP, set the following UI path to Disabled:

Computer Configuration\Policies\Administrative Templates\Windows Components\Windows Update\Manage updates offered from Windows Update\Manage preview builds

Note: This Group Policy path may not exist by default. It is provided by the Group Policy template WindowsUpdate.admx/adml that is included with the Microsoft Windows 10 Release 1709 Administrative Templates (or newer)."
"18.10.94.4.2","To establish the recommended configuration via GP, set the following UI path to Enabled:0 days:

Computer Configuration\Policies\Administrative Templates\Windows Components\Windows Update\Manage updates offered from Windows Update\Select when Quality Updates are received

Note: This Group Policy path may not exist by default. It is provided by the Group Policy template WindowsUpdate.admx/adml that is included with the Microsoft Windows 10 Release 1607 & Server 2016 Administrative Templates (or newer)."
"18.11.1","To establish the recommended configuration via GP, set the following UI path to Enabled: Checked:

Computer Configuration\Policies\Administrative Templates\Center for Internet Security (CIS)\Additional Benchmark Settings\Disable HTTP proxy features: Disable WPAD

Note: This Group Policy path is NOT provided by Microsoft. The Group Policy template CIS.admx/adml is included with the CIS Microsoft Windows Build Kits published after January 2026."
"18.11.2","To establish the recommended configuration via GP, set the following UI path to Enabled: Disable authentication over loopback interfaces or Disable all authentication protocols and loopback authentication:

Computer Configuration\Policies\Administrative Templates\Center for Internet Security (CIS)\Additional Benchmark Settings\Disable HTTP proxy features: Disable proxy authentication

Note: This Group Policy path is NOT provided by Microsoft. The Group Policy template CIS.admx/adml is included with the CIS Microsoft Windows Build Kits published after January 2026."
"19.5.1.1","To establish the recommended configuration via GP, set the following UI path to Enabled:

User Configuration\Policies\Administrative Templates\Start Menu and Taskbar\Notifications\Turn off toast notifications on the lock screen

Note: This Group Policy path may not exist by default. It is provided by the Group Policy template WPN.admx/adml that is included with the Microsoft Windows 8.0 & Server 2012 (non-R2) Administrative Templates (or newer)."
"19.6.6.1.1","To establish the recommended configuration via GP, set the following UI path to Enabled:

User Configuration\Policies\Administrative Templates\System\Internet Communication Management\Internet Communication Settings\Turn off Help Experience Improvement Program

Note: This Group Policy path is provided by the Group Policy template HelpAndSupport.admx/adml that is included with all versions of the Microsoft Windows Administrative Templates."
"19.7.5.1","To establish the recommended configuration via GP, set the following UI path to Disabled:

User Configuration\Policies\Administrative Templates\Windows Components\Attachment Manager\Do not preserve zone information in file attachments

Note: This Group Policy path is provided by the Group Policy template AttachmentManager.admx/adml that is included with all versions of the Microsoft Windows Administrative Templates."
"19.7.5.2","To establish the recommended configuration via GP, set the following UI path to Enabled:

User Configuration\Policies\Administrative Templates\Windows Components\Attachment Manager\Notify antivirus programs when opening attachments

Note: This Group Policy path is provided by the Group Policy template AttachmentManager.admx/adml that is included with all versions of the Microsoft Windows Administrative Templates."
"19.7.8.1","To establish the recommended configuration via GP, set the following UI path to Disabled:

User Configuration\Policies\Administrative Templates\Windows Components\Cloud Content\Configure Windows spotlight on lock screen

Note: This Group Policy path may not exist by default. It is provided by the Group Policy template CloudContent.admx/adml that is included with the Microsoft Windows 10 Release 1607 & Server 2016 Administrative Templates (or newer)."
"19.7.8.2","To establish the recommended configuration via GP, set the following UI path to Enabled:

User Configuration\Policies\Administrative Templates\Windows Components\Cloud Content\Do not suggest third-party content in Windows spotlight

Note: This Group Policy path may not exist by default. It is provided by the Group Policy template CloudContent.admx/adml that is included with the Microsoft Windows 10 Release 1607 & Server 2016 Administrative Templates (or newer)."
"19.7.8.3","To establish the recommended configuration via GP, set the following UI path to Enabled:

User Configuration\Policies\Administrative Templates\Windows Components\Cloud Content\Do not use diagnostic data for tailored experiences

Note: This Group Policy path may not exist by default. It is provided by the Group Policy template CloudContent.admx/adml that is included with the Microsoft Windows 10 Release 1703 Administrative Templates (or newer)."
"19.7.8.4","To establish the recommended configuration via GP, set the following UI path to Enabled:

User Configuration\Policies\Administrative Templates\Windows Components\Cloud Content\Turn off all Windows spotlight features

Note: This Group Policy path may not exist by default. It is provided by the Group Policy template CloudContent.admx/adml that is included with the Microsoft Windows 10 Release 1607 & Server 2016 Administrative Templates (or newer)."
"19.7.8.5","To establish the recommended configuration via GP, set the following UI path to Enabled:

User Configuration\Policies\Administrative Templates\Windows Components\Cloud Content\Turn off Spotlight collection on Desktop

Note: This Group Policy path may not exist by default. It is provided by the Group Policy template CloudContent.admx/adml that is included with the Microsoft Windows 11 Release 21H2 Administrative Templates (or newer)."
"19.7.26.1","To establish the recommended configuration via GP, set the following UI path to Enabled:

User Configuration\Policies\Administrative Templates\Windows Components\Network Sharing\Prevent users from sharing files within their profile.

Note: This Group Policy path is provided by the Group Policy template Sharing.admx/adml that is included with all versions of the Microsoft Windows Administrative Templates."
"19.7.46.2.1","To establish the recommended configuration via GP, set the following UI path to Enabled:

User Configuration\Policies\Administrative Templates\Windows Components\Windows Media Player\Playback\Prevent Codec Download

Note: This Group Policy path is provided by the Group Policy template WindowsMediaPlayer.admx/adml that is included with all versions of the Microsoft Windows Administrative Templates."
